# Uncomment this line if you execute SQL manually for MySQL 5
# SET @@session.sql_mode = '';

#
# Data for table `oxactions2article`
#

INSERT INTO `oxactions2article` VALUES ('d8842e3c913930f47.00463447', 'oxbaseshop', 'oxstart', '2077', 0);
INSERT INTO `oxactions2article` VALUES ('d8842e3c8eb4b7095.65397492', 'oxbaseshop', 'oxstart', '1651', 1);
INSERT INTO `oxactions2article` VALUES ('79042e787800a8465.75238508', 'oxbaseshop', 'oxbargain', '85b42c94a32b3fdd2.66642220', 0);
INSERT INTO `oxactions2article` VALUES ('00f42e7bc564eb0c5.98400825', 'oxbaseshop', 'oxtop5', '2080', 0);
INSERT INTO `oxactions2article` VALUES ('0a842e4f4e51ca939.48788613', 'oxbaseshop', 'oxbargain', '1431', 1);
INSERT INTO `oxactions2article` VALUES ('9f542c5221ba79456.89971266', 'oxbaseshop', 'oxfirststart', '1964', 0);
INSERT INTO `oxactions2article` VALUES ('95842e9fde5c6f051.82672143', 'oxbaseshop', 'oxnewest', '1952', 3);
INSERT INTO `oxactions2article` VALUES ('95842e9fdde94e653.04821580', 'oxbaseshop', 'oxnewest', 'be642cada8422f150.29332483', 2);
INSERT INTO `oxactions2article` VALUES ('95842e9fdd03b5296.91384984', 'oxbaseshop', 'oxnewest', 'd8842e3cb356356f4.93820547', 0);
INSERT INTO `oxactions2article` VALUES ('95842e9fdd770ecf8.14629724', 'oxbaseshop', 'oxnewest', '2024', 1);
INSERT INTO `oxactions2article` VALUES ('f9c42d50260a26ab8.33082575', 'oxbaseshop', 'oxbargain', '1771', 0);
INSERT INTO `oxactions2article` VALUES ('4e542e4eac67e94c4.95022875', 'oxbaseshop', 'oxcatoffer', '1126', 0);
INSERT INTO `oxactions2article` VALUES ('f9c42d5052de14851.06748579', 'oxbaseshop', 'oxcatoffer', 'be642cad637adf214.28850610', 0);
INSERT INTO `oxactions2article` VALUES ('4e542e4e733c1e9c5.78538319', 'oxbaseshop', 'oxtopstart', '1849', 0);
INSERT INTO `oxactions2article` VALUES ('d8842e3ca1c35e146.46568431', 'oxbaseshop', 'oxtop5', '1351', 0);
INSERT INTO `oxactions2article` VALUES ('d8842e3ca27489886.81526507', 'oxbaseshop', 'oxtop5', '2000', 2);
INSERT INTO `oxactions2article` VALUES ('d8842e3ca342c5fb8.21231681', 'oxbaseshop', 'oxtop5', '1940', 1);
INSERT INTO `oxactions2article` VALUES ('79042e78791e8ef10.24050762', 'oxbaseshop', 'oxbargain', 'd8842e3cbf9290351.59301740', 0);

#
# Data for table `oxarticles`
#

INSERT INTO `oxarticles` VALUES('1126', 'oxbaseshop', '', 1, '0000-00-00 00:00:00', '0000-00-00 00:00:00', '1126', '', '', 'Bar-Set ABSINTH', 'Darf in keiner Alkohol-Sammlung fehlen !', 34, 0, 0, 0, 0, 0, 0, '', 0, '', '', '', NULL, '1126_th.jpg', '1126_ico.jpg', '1126_p1.jpg', '1126_p2.jpg', 'nopic.jpg', 'nopic.jpg', 'nopic.jpg', 'nopic.jpg', 'nopic.jpg', 'nopic.jpg', 'nopic.jpg', 'nopic.jpg', 'nopic.jpg', 'nopic.jpg', '1126_z1.jpg', '1126_z2.jpg', 'nopic.jpg', 'nopic.jpg', 0, 1, 1, 'Lieferzeit 1-2 Tage', 'Lieferzeit 1-2 Wochen', '0000-00-00', '2005-07-28', '2008-09-02 15:13:25', 0, 0, 0, '', 'saufen alkohol geschenk kult russland russia', '', '', 1, '', 0, 0, '', 34, '', '', '', '', '', '', 'Bar-Set ABSINTH', 'A must-have for your bar collection !', '', 'saufen alkohol geschenk kult russland russia', '', '', '', '', '', '', '', '', '', '', '', 'Will be shipped in 24-48 hours', '', '', 'Will be shipped in 7-14 days', '', '', 0, 0, 0, 0, 0, 0, '', '', '', '', 0, 0, 0);
INSERT INTO `oxarticles` VALUES('1127', 'oxbaseshop', '', 1, '0000-00-00 00:00:00', '0000-00-00 00:00:00', '1127', '', '', 'Blinkende Eiswürfel FLASH', '', 8, 0, 0, 0, 0, 0, 0, '', 0, '', '', '', NULL, '1127_th.jpg', '1127_ico.jpg', '1127_p1.jpg', 'nopic.jpg', 'nopic.jpg', 'nopic.jpg', 'nopic.jpg', 'nopic.jpg', 'nopic.jpg', 'nopic.jpg', 'nopic.jpg', 'nopic.jpg', 'nopic.jpg', 'nopic.jpg', '1127_z1.jpg', 'nopic.jpg', 'nopic.jpg', 'nopic.jpg', 0, 0, 1, 'Lieferzeit 1-2 Tage', 'Lieferzeit 1-2 Wochen', '0000-00-00', '2005-07-28', '2008-09-02 15:13:25', 0, 0, 0, '', 'saufen alkohol longdrink bar party deko cocktail abgefahren', '', '', 1, 'Farbe wählen', 102, 3, '', 8, 'Choose color', '', '', '', '', '', 'Ice Cubes FLASH', '', '', 'saufen alkohol longdrink bar party deko cocktail abgefahren', '', '', '', '', '', '', '', '', '', '', '', 'Will be shipped in 24-48 hours', '', '', 'Will be shipped in 7-14 days', '', '', 0, 0, 0, 0, 0, 0, '', '', '', '', 0, 0, 0);
INSERT INTO `oxarticles` VALUES('1131', 'oxbaseshop', '', 1, '0000-00-00 00:00:00', '0000-00-00 00:00:00', '1131', '', '', 'Flaschenverschluss EGO', '', 23, 0, 0, 0, 0, 0, 0, '', 0, '', '', '', NULL, '1131_th.jpg', '1131_ico.jpg', '1131_p1.jpg', 'nopic.jpg', 'nopic.jpg', 'nopic.jpg', 'nopic.jpg', 'nopic.jpg', 'nopic.jpg', 'nopic.jpg', 'nopic.jpg', 'nopic.jpg', 'nopic.jpg', 'nopic.jpg', '1131_z1.jpg', 'nopic.jpg', 'nopic.jpg', 'nopic.jpg', 0, 10, 1, 'Lieferzeit 1-2 Tage', 'Lieferzeit 1-2 Wochen', '0000-00-00', '2005-07-28', '2008-09-02 15:13:25', 0, 0, 0, '', 'Flasche Bottle Korken Bar Verschluss geschenk mann chef', '', '', 1, '', 0, 0, '', 23, '', '', '', '', '', '', 'Bottle Cap EGO', '', '', 'Flasche Bottle Korken Bar Verschluss geschenk mann chef', '', '', '', '', '', '', '', '', '', '', '', 'Will be shipped in 24-48 hours', '', '', 'Will be shipped in 7-14 days', '', '', 0, 0, 0, 0, 0, 0, '', '', '', '', 0, 0, 0);
INSERT INTO `oxarticles` VALUES('1142', 'oxbaseshop', '', 1, '0000-00-00 00:00:00', '0000-00-00 00:00:00', '1142', '', '', 'Flaschenöffner HAMMER', '', 7, 0, 0, 0, 0, 0, 0, '', 0, '', '', '', NULL, '1142_th.jpg', '1142_ico.jpg', '1142_p1.jpg', 'nopic.jpg', 'nopic.jpg', 'nopic.jpg', 'nopic.jpg', 'nopic.jpg', 'nopic.jpg', 'nopic.jpg', 'nopic.jpg', 'nopic.jpg', 'nopic.jpg', 'nopic.jpg', 'nopic.jpg', 'nopic.jpg', 'nopic.jpg', 'nopic.jpg', 0, 21, 1, 'Lieferzeit 1-2 Tage', 'Lieferzeit 1-2 Wochen', '0000-00-00', '2005-07-28', '2008-09-02 15:13:25', 0, 0, 0, '', 'Vatertag Büro bar küche werkzeug kult', '', '', 1, '', 0, 0, '', 7, '', '', '', '', '', '', 'Bottle Opener HAMMER', '', '', 'Vatertag Büro bar küche werkzeug kult', '', '', '', '', '', '', '', '', '', '', '', 'Will be shipped in 24-48 hours', '', '', 'Will be shipped in 7-14 days', '', '', 0, 0, 0, 0, 0, 0, '', '', '', '', 0, 0, 0);
INSERT INTO `oxarticles` VALUES('1351', 'oxbaseshop', '', 1, '0000-00-00 00:00:00', '0000-00-00 00:00:00', '1351', '', '', 'Kühlwürfel NORDIC ROCKS ''Eiswürfel Ersatz''', 'Unglaubliche 400 Mio. Jahre alt sind unsere Kühlwürfel aus Schwedens Berggestein.', 12, 0, 0, 0, 0, 0, 0, 'kg', 0.3, '', '', '', NULL, '1351_th.jpg', '1351_ico.jpg', '1351_p1.jpg', 'nopic.jpg', 'nopic.jpg', 'nopic.jpg', 'nopic.jpg', 'nopic.jpg', 'nopic.jpg', 'nopic.jpg', 'nopic.jpg', 'nopic.jpg', 'nopic.jpg', 'nopic.jpg', '1351_z1.jpg', '1351_z2.jpg', '1351_z3.jpg', 'nopic.jpg', 0, 14, 1, 'Lieferzeit 1-2 Tage', 'Lieferzeit 1-2 Wochen', '0000-00-00', '2005-07-28', '2008-09-02 15:13:25', 0, 0, 0, '', 'bar party eiswrfel cocktail drink hype stein felsen', '', '', 1, '', 0, 0, '', 12, '', '', '', '', '', '', 'Ice Cubes NORDIC ROCKS ''ice cube substitute''', 'Unbelieveable 400 Mio. years old ice cubes made from Swedish rocks', '', 'bar party eiswrfel cocktail drink hype stein felsen', '', '', '', '', '', '', '', '', '', '', '', 'Will be shipped in 24-48 hours', '', '', 'Will be shipped in 7-14 days', '', '', 0, 0, 0, 0, 0, 0, '', '', '', '', 0, 0, 0);
INSERT INTO `oxarticles` VALUES('1354', 'oxbaseshop', '', 1, '0000-00-00 00:00:00', '0000-00-00 00:00:00', '1354', '', '', 'Wanduhr SPIDER', 'Da wird der prächtigste Weberknecht blaß.', 49, 0, 0, 0, 0, 0, 0, '', 0, '', '', '', NULL, '1354_th.jpg', '1354_ico.jpg', '1354_p1.jpg', 'nopic.jpg', 'nopic.jpg', 'nopic.jpg', 'nopic.jpg', 'nopic.jpg', 'nopic.jpg', 'nopic.jpg', 'nopic.jpg', 'nopic.jpg', 'nopic.jpg', 'nopic.jpg', 'nopic.jpg', 'nopic.jpg', 'nopic.jpg', 'nopic.jpg', 0, 7, 1, 'Lieferzeit 1-2 Tage', 'Lieferzeit 1-2 Wochen', '0000-00-00', '2005-07-28', '2008-09-02 15:13:25', 0, 0, 0, '', 'Wanduhr spinne silber clock edel', '', '', 1, '', 0, 0, '', 49, '', '', '', '', '', '', 'Wall Clock SPIDER', 'Da wird der Every harvestman will get jealous.', '', 'Wanduhr spinne silber clock edel', '', '', '', '', '', '', '', '', '', '', '', 'Will be shipped in 24-48 hours', '', '', 'Will be shipped in 7-14 days', '', '', 0, 0, 0, 0, 0, 0, '', '', '', '', 0, 0, 0);
INSERT INTO `oxarticles` VALUES('1431', 'oxbaseshop', '', 1, '0000-00-00 00:00:00', '0000-00-00 00:00:00', '1431', '', '', 'Eiswürfel HERZ', '', 4, 0, 0, 0, 0, 0, 0, '', 0, '', '', '', NULL, '1431_th.jpg', '1431_ico.jpg', '1431_p1.jpg', 'nopic.jpg', 'nopic.jpg', 'nopic.jpg', 'nopic.jpg', 'nopic.jpg', 'nopic.jpg', 'nopic.jpg', 'nopic.jpg', 'nopic.jpg', 'nopic.jpg', 'nopic.jpg', '1431_z1.jpg', 'nopic.jpg', 'nopic.jpg', 'nopic.jpg', 0, 25, 1, 'Lieferzeit 1-2 Tage', 'Lieferzeit 1-2 Wochen', '0000-00-00', '2005-07-28', '2008-09-02 15:13:25', 0, 0, 0, '', 'kitsch pop lila rot party herz heart love', '', '', 1, '', 0, 0, '', 4, '', '', '', '', '', '', 'Ice Cubes HEART', '', '', 'kitsch pop lila rot party herz heart love', '', '', '', '', '', '', '', '', '', '', '', 'Will be shipped in 24-48 hours', '', '', 'Will be shipped in 7-14 days', '', '', 0, 0, 0, 0, 0, 0, '', '', '', '', 0, 0, 0);
INSERT INTO `oxarticles` VALUES('1477', 'oxbaseshop', '', 1, '0000-00-00 00:00:00', '0000-00-00 00:00:00', '1477', '', '', 'Champagnerverschluss GOLF', '', 12, 0, 0, 0, 0, 0, 0, '', 0, '', '', '', NULL, '1477_th.jpg', '1477_ico.jpg', '1477_p1.jpg', 'nopic.jpg', 'nopic.jpg', 'nopic.jpg', 'nopic.jpg', 'nopic.jpg', 'nopic.jpg', 'nopic.jpg', 'nopic.jpg', 'nopic.jpg', 'nopic.jpg', 'nopic.jpg', '1477_z1.jpg', 'nopic.jpg', 'nopic.jpg', 'nopic.jpg', 0, 3, 1, 'Lieferzeit 1-2 Tage', 'Lieferzeit 1-2 Wochen', '0000-00-00', '2005-07-28', '2008-09-02 15:13:25', 0, 0, 0, '', 'golf sport champagner sekt korken edel design', '', '', 1, '', 0, 0, '', 12, '', '', '', '', '', '', 'Champagne Lock GOLF', '', '', 'golf sport champagner sekt korken edel design', '', '', '', '', '', '', '', '', '', '', '', 'Will be shipped in 24-48 hours', '', '', 'Will be shipped in 7-14 days', '', '', 0, 0, 0, 0, 0, 0, '', '', '', '', 0, 0, 0);
INSERT INTO `oxarticles` VALUES('1651', 'oxbaseshop', '', 1, '0000-00-00 00:00:00', '0000-00-00 00:00:00', '1651', '', '', 'Bierbrauset PROSIT', '', 29, 0, 0, 0, 0, 0, 0, '', 0, '', '', '', NULL, '1651_th.jpg', '1651_ico.jpg', '1651_p1.jpg', 'nopic.jpg', 'nopic.jpg', 'nopic.jpg', 'nopic.jpg', 'nopic.jpg', 'nopic.jpg', 'nopic.jpg', 'nopic.jpg', 'nopic.jpg', 'nopic.jpg', 'nopic.jpg', '1651_z1.jpg', 'nopic.jpg', 'nopic.jpg', 'nopic.jpg', 0, 32, 1, 'Lieferzeit 1-2 Tage', 'Lieferzeit 1-2 Wochen', '0000-00-00', '2005-07-28', '2008-09-02 15:13:25', 0, 0, 0, '', 'party saufen alkohol', '', '', 1, '', 0, 0, '', 29, '', '', '', '', '', '', 'Beer homebrew kit CHEERS!', '', '', 'party saufen alkohol', '', '', '', '', '', '', '', '', '', '', '', 'Will be shipped in 24-48 hours', '', '', 'Will be shipped in 7-14 days', '', '', 0, 0, 0, 0, 0, 0, '', '', '', '', 0, 0, 0);
INSERT INTO `oxarticles` VALUES('1672', 'oxbaseshop', '', 1, '0000-00-00 00:00:00', '0000-00-00 00:00:00', '1672', '', '', 'Wanduhr PHOTOFRAME', '', 23, 0, 0, 0, 0, 0, 0, '', 0, '', '', '', NULL, '1672_th.jpg', '1672_ico.jpg', '1672_p1.jpg', 'nopic.jpg', 'nopic.jpg', 'nopic.jpg', 'nopic.jpg', 'nopic.jpg', 'nopic.jpg', 'nopic.jpg', 'nopic.jpg', 'nopic.jpg', 'nopic.jpg', 'nopic.jpg', '1672_z1.jpg', 'nopic.jpg', 'nopic.jpg', 'nopic.jpg', 0, 35, 1, 'Lieferzeit 1-2 Tage', 'Lieferzeit 1-2 Wochen', '0000-00-00', '2005-07-28', '2008-09-02 15:13:25', 0, 0, 0, '', 'foto bild rahmen', '', '', 1, '', 0, 0, '', 23, '', '', '', '', '', '', 'Wall Clock PHOTOFRAME', '', '', 'foto bild rahmen', '', '', '', '', '', '', '', '', '', '', '', 'Will be shipped in 24-48 hours', '', '', 'Will be shipped in 7-14 days', '', '', 0, 0, 0, 0, 0, 0, '', '', '', '', 0, 0, 0);
INSERT INTO `oxarticles` VALUES('1771', 'oxbaseshop', '', 1, '0000-00-00 00:00:00', '0000-00-00 00:00:00', '1771', '', '', 'Wanduhr DIGITAL', '', 59, 0, 0, 0, 0, 0, 0, '', 0, '', '', '', NULL, '1771_th.jpg', '1771_ico.jpg', '1771_p1.jpg', 'nopic.jpg', 'nopic.jpg', 'nopic.jpg', 'nopic.jpg', 'nopic.jpg', 'nopic.jpg', 'nopic.jpg', 'nopic.jpg', 'nopic.jpg', 'nopic.jpg', 'nopic.jpg', '1771_z1.jpg', 'nopic.jpg', 'nopic.jpg', 'nopic.jpg', 0, 0, 1, 'Lieferzeit 1-2 Tage', 'Lieferzeit 1-2 Wochen', '0000-00-00', '2005-07-28', '2008-09-02 15:13:25', 0, 0, 0, '', '', '', '', 1, '', 0, 0, '', 59, '', '', '', '', '', '', 'Wall Clock DIGITAL', '', '', '', '', '', '', '', '', '', '', '', '', '', '', 'Will be shipped in 24-48 hours', '', '', 'Will be shipped in 7-14 days', '', '', 0, 0, 0, 0, 0, 0, '', '', '', '', 0, 0, 0);
INSERT INTO `oxarticles` VALUES('1849', 'oxbaseshop', '', 1, '0000-00-00 00:00:00', '0000-00-00 00:00:00', '1849', '', '', 'Bar Butler 6 BOTTLES', '', 89.9, 0, 0, 0, 0, 94, 94, '', 0, '', '', '', NULL, '1849_th.jpg', '1849_ico.jpg', '1849_p1.jpg', 'nopic.jpg', 'nopic.jpg', 'nopic.jpg', 'nopic.jpg', 'nopic.jpg', 'nopic.jpg', 'nopic.jpg', 'nopic.jpg', 'nopic.jpg', 'nopic.jpg', 'nopic.jpg', '1849_z1.jpg', 'nopic.jpg', 'nopic.jpg', 'nopic.jpg', 0, 6, 1, 'Lieferzeit 1-2 Tage', 'Lieferzeit 1-2 Wochen', '0000-00-00', '2005-07-28', '2008-09-02 15:13:25', 0, 0, 0, '', '', '', '', 1, '', 0, 0, '', 89.9, '', '', '', '', '', '', 'Bar Butler 6 BOTTLES', '', '', '', '', '', '', '', '', '', '', '', '', '', '', 'Will be shipped in 24-48 hours', '', '', 'Will be shipped in 7-14 days', '', '', 0, 0, 0, 0, 0, 0, '', '', '', '', 0, 0, 0);
INSERT INTO `oxarticles` VALUES('1906', 'oxbaseshop', '', 1, '0000-00-00 00:00:00', '0000-00-00 00:00:00', '1906', '', '', 'Korkenzieher SHARK', '', 25, 0, 0, 0, 0, 0, 0, '', 0, '', '', '', NULL, '1906_th.jpg', '1906_ico.jpg', '1906_p1.jpg', 'nopic.jpg', 'nopic.jpg', 'nopic.jpg', 'nopic.jpg', 'nopic.jpg', 'nopic.jpg', 'nopic.jpg', 'nopic.jpg', 'nopic.jpg', 'nopic.jpg', 'nopic.jpg', 'nopic.jpg', 'nopic.jpg', 'nopic.jpg', 'nopic.jpg', 0, 24, 1, 'Lieferzeit 1-2 Tage', 'Lieferzeit 1-2 Wochen', '0000-00-00', '2005-07-28', '2008-09-02 15:13:25', 0, 0, 0, '', '', '', '', 1, '', 0, 0, '', 25, '', '', '', '', '', '', 'Corkscrew SHARK', '', '', '', '', '', '', '', '', '', '', '', '', '', '', 'Will be shipped in 24-48 hours', '', '', 'Will be shipped in 7-14 days', '', '', 0, 0, 0, 0, 0, 0, '', '', '', '', 0, 0, 0);
INSERT INTO `oxarticles` VALUES('1940', 'oxbaseshop', '', 1, '0000-00-00 00:00:00', '0000-00-00 00:00:00', '1940', '', '', 'Schale SCHALLPLATTE', '', 12, 0, 0, 0, 0, 0, 0, '', 0, '', '', '', NULL, '1940_th.jpg', '1940_ico.jpg', '1940_p1.jpg', 'nopic.jpg', 'nopic.jpg', 'nopic.jpg', 'nopic.jpg', 'nopic.jpg', 'nopic.jpg', 'nopic.jpg', 'nopic.jpg', 'nopic.jpg', 'nopic.jpg', 'nopic.jpg', '1940_z1.jpg', 'nopic.jpg', 'nopic.jpg', 'nopic.jpg', 0, 8, 1, 'Lieferzeit 1-2 Tage', 'Lieferzeit 1-2 Wochen', '0000-00-00', '2005-07-28', '2008-09-02 15:13:25', 0, 0, 0, '', '', '', '', 1, '', 0, 0, '', 12, '', '', '', '', '', '', 'Dish Gramophone Record', '', '', '', '', '', '', '', '', '', '', '', '', '', '', 'Will be shipped in 24-48 hours', '', '', 'Will be shipped in 7-14 days', '', '', 0, 0, 0, 0, 0, 0, '', '', '', '', 0, 0, 0);
INSERT INTO `oxarticles` VALUES('1951', 'oxbaseshop', '', 1, '0000-00-00 00:00:00', '0000-00-00 00:00:00', '1951', '', '', 'Wanduhr BIKINI GIRL', '', 14, 0, 0, 0, 0, 0, 0, '', 0, '', '', '', NULL, '1951_th.jpg', '1951_ico.jpg', '1951_p1.jpg', 'nopic.jpg', 'nopic.jpg', 'nopic.jpg', 'nopic.jpg', 'nopic.jpg', 'nopic.jpg', 'nopic.jpg', 'nopic.jpg', 'nopic.jpg', 'nopic.jpg', 'nopic.jpg', 'nopic.jpg', 'nopic.jpg', 'nopic.jpg', 'nopic.jpg', 0, 3, 1, 'Lieferzeit 1-2 Tage', 'Lieferzeit 1-2 Wochen', '0000-00-00', '2005-07-28', '2008-09-02 15:13:25', 0, 0, 0, '', '', '', '', 1, '', 0, 0, '', 14, '', '', '', '', '', '', 'Wall Clock BIKINI GIRL', '', '', '', '', '', '', '', '', '', '', '', '', '', '', 'Will be shipped in 24-48 hours', '', '', 'Will be shipped in 7-14 days', '', '', 0, 0, 0, 0, 0, 0, '', '', '', '', 0, 0, 0);
INSERT INTO `oxarticles` VALUES('1952', 'oxbaseshop', '', 1, '0000-00-00 00:00:00', '0000-00-00 00:00:00', '1952', '', '', 'Hangover Pack LITTLE HELPER', '', 6, 0, 0, 0, 0, 0, 0, '', 0, '', '', '', NULL, '1952_th.jpg', '1952_ico.jpg', '1952_p1.jpg', 'nopic.jpg', 'nopic.jpg', 'nopic.jpg', 'nopic.jpg', 'nopic.jpg', 'nopic.jpg', 'nopic.jpg', 'nopic.jpg', 'nopic.jpg', 'nopic.jpg', 'nopic.jpg', '1952_z1.jpg', 'nopic.jpg', 'nopic.jpg', 'nopic.jpg', 0, 22, 1, 'Lieferzeit 1-2 Tage', 'Lieferzeit 1-2 Wochen', '0000-00-00', '2005-07-28', '2008-09-02 15:13:25', 0, 0, 0, '', '', '', '', 1, '', 0, 0, '', 6, '', '', '', '', '', '', 'Hangover Pack LITTLE HELPER', '', '', '', '', '', '', '', '', '', '', '', '', '', '', 'Will be shipped in 24-48 hours', '', '', 'Will be shipped in 7-14 days', '', '', 0, 0, 0, 0, 0, 0, '', '', '', '', 0, 0, 0);
INSERT INTO `oxarticles` VALUES('1964', 'oxbaseshop', '', 1, '0000-00-00 00:00:00', '0000-00-00 00:00:00', '1964', '', '', 'Original BUSH Beach Radio', 'Das Original aus Filmen wie "Eis am Stil" & Co.', 79.9, 0, 0, 0, 0, 0, 89.9, '', 0, '', '', '', NULL, '1964_th.jpg', '1964_ico.jpg', '1964_p1.jpg', 'nopic.jpg', 'nopic.jpg', 'nopic.jpg', 'nopic.jpg', 'nopic.jpg', 'nopic.jpg', 'nopic.jpg', 'nopic.jpg', 'nopic.jpg', 'nopic.jpg', 'nopic.jpg', '1964_z1.jpg', 'nopic.jpg', 'nopic.jpg', 'nopic.jpg', 0, 0, 1, 'Lieferzeit 1-2 Tage', 'Lieferzeit 1-2 Wochen', '0000-00-00', '2005-07-28', '2008-09-02 15:13:25', 0, 0, 0, '', '', '', '', 1, '', 0, 0, '', 79.9, '', '', '', '', '', '', 'Original BUSH Beach Radio', 'The original - as seen in movies ''Eskimo Limon'' etc.', '', '', '', '', '', '', '', '', '', '', '', '', '', 'Will be shipped in 24-48 hours', '', '', 'Will be shipped in 7-14 days', '', '', 0, 0, 0, 0, 0, 0, '', '', '77442e37fdf34ccd3.94620745', 'ee4948794e28d488cf1c8101e716a3f4',0, 0, 0);
INSERT INTO `oxarticles` VALUES('2000', 'oxbaseshop', '', 1, '0000-00-00 00:00:00', '0000-00-00 00:00:00', '2000', '', '', 'Wanduhr ROBOT', '', 29, 0, 0, 0, 0, 0, 0, '', 0, '', '', '', NULL, '2000_th.jpg', '2000_ico.jpg', '2000_p1.jpg', 'nopic.jpg', 'nopic.jpg', 'nopic.jpg', 'nopic.jpg', 'nopic.jpg', 'nopic.jpg', 'nopic.jpg', 'nopic.jpg', 'nopic.jpg', 'nopic.jpg', 'nopic.jpg', 'nopic.jpg', 'nopic.jpg', 'nopic.jpg', 'nopic.jpg', 0, 2, 1, 'Lieferzeit 1-2 Tage', 'Lieferzeit 1-2 Wochen', '0000-00-00', '2005-07-28', '2008-09-02 15:13:25', 0, 0, 0, '', 'robo Wanduhr roboter', '', '', 1, '', 0, 0, '', 29, 'gffsf', '', '', '', '', '', 'Wall Clock ROBOT', '', '', 'robo Wanduhr roboter', '', '', '', '', '', '', '', '', '', '', '', 'Will be shipped in 24-48 hours', '', '', 'Will be shipped in 7-14 days', '', '', 0, 0, 0, 0, 0, 0, '', '', '', '', 0, 0, 0);
INSERT INTO `oxarticles` VALUES('2024', 'oxbaseshop', '', 1, '0000-00-00 00:00:00', '0000-00-00 00:00:00', '2024', '', '', 'Popcornschale PINK', '', 11, 0, 0, 0, 0, 0, 0, '', 0, '', '', '', NULL, '2024_th.jpg', '2024_ico.jpg', '2024_p1.jpg', 'nopic.jpg', 'nopic.jpg', 'nopic.jpg', 'nopic.jpg', 'nopic.jpg', 'nopic.jpg', 'nopic.jpg', 'nopic.jpg', 'nopic.jpg', 'nopic.jpg', 'nopic.jpg', 'nopic.jpg', 'nopic.jpg', 'nopic.jpg', 'nopic.jpg', 0, 7, 1, 'Lieferzeit 1-2 Tage', 'Lieferzeit 1-2 Wochen', '0000-00-00', '2005-07-28', '2008-09-02 15:13:25', 0, 0, 0, '', '', '', '', 1, '', 0, 0, '', 11, '', '', '', '', '', '', 'Popcorn Bowl PINK', '', '', '', '', '', '', '', '', '', '', '', '', '', '', 'Will be shipped in 24-48 hours', '', '', 'Will be shipped in 7-14 days', '', '', 0, 0, 0, 0, 0, 0, '', '', '', '', 0, 0, 0);
INSERT INTO `oxarticles` VALUES('2025', 'oxbaseshop', '', 1, '0000-00-00 00:00:00', '0000-00-00 00:00:00', '2025', '', '', 'Popcornmaschine PINK', '', 39, 0, 0, 0, 0, 0, 0, '', 0, '', '', '', NULL, '2025_th.jpg', '2025_ico.jpg', '2025_p1.jpg', 'nopic.jpg', 'nopic.jpg', 'nopic.jpg', 'nopic.jpg', 'nopic.jpg', 'nopic.jpg', 'nopic.jpg', 'nopic.jpg', 'nopic.jpg', 'nopic.jpg', 'nopic.jpg', '2025_z1.jpg', 'nopic.jpg', 'nopic.jpg', 'nopic.jpg', 0, 0, 1, 'Lieferzeit 1-2 Tage', 'Lieferzeit 1-2 Wochen', '0000-00-00', '2005-07-28', '2008-09-02 15:13:25', 0, 0, 0, '', '', '', '', 1, '', 0, 0, '', 39, '', '', '', '', '', '', 'Popcorn Machine PINK', '', '', '', '', '', '', '', '', '', '', '', '', '', '', 'Will be shipped in 24-48 hours', '', '', 'Will be shipped in 7-14 days', '', '', 0, 0, 0, 0, 0, 0, '', '', '', '', 0, 0, 0);
INSERT INTO `oxarticles` VALUES('2036', 'oxbaseshop', '', 1, '0000-00-00 00:00:00', '0000-00-00 00:00:00', '2036', '', '', 'Cocktail Shaker ROCKET', '', 29, 0, 0, 0, 0, 0, 0, '', 0, '', '', '', NULL, '2036_th.jpg', '2036_ico.jpg', '2036_p1.jpg', 'nopic.jpg', 'nopic.jpg', 'nopic.jpg', 'nopic.jpg', 'nopic.jpg', 'nopic.jpg', 'nopic.jpg', 'nopic.jpg', 'nopic.jpg', 'nopic.jpg', 'nopic.jpg', 'nopic.jpg', 'nopic.jpg', 'nopic.jpg', 'nopic.jpg', 0, 4, 1, 'Lieferzeit 1-2 Tage', 'Lieferzeit 1-2 Wochen', '0000-00-00', '2005-07-28', '2008-09-02 15:13:25', 0, 0, 0, '', '', '', '', 1, '', 0, 0, '', 29, '', '', '', '', '', '', 'Cocktail Shaker ROCKET', '', '', '', '', '', '', '', '', '', '', '', '', '', '', 'Will be shipped in 24-48 hours', '', '', 'Will be shipped in 7-14 days', '', '', 0, 0, 0, 0, 0, 0, '', '', '', '', 0, 0, 0);
INSERT INTO `oxarticles` VALUES('2077', 'oxbaseshop', '', 1, '0000-00-00 00:00:00', '0000-00-00 00:00:00', '2077', '', '', 'Tischlampe SPHERE', '', 19, 0, 0, 0, 0, 0, 0, '', 0, '', '', '', NULL, '2077_th.jpg', '2077_ico.jpg', '2077_p1.jpg', '2077_p2.jpg', '2077_p3.jpg', 'nopic.jpg', 'nopic.jpg', 'nopic.jpg', 'nopic.jpg', 'nopic.jpg', 'nopic.jpg', 'nopic.jpg', 'nopic.jpg', 'nopic.jpg', '2077_z1.jpg', 'nopic.jpg', 'nopic.jpg', 'nopic.jpg', 0, 0, 1, 'Lieferzeit 1-2 Tage', 'Lieferzeit 1-2 Wochen', '0000-00-00', '2005-07-28', '2008-09-02 15:13:25', 0, 0, 0, '', '', '', '', 1, 'Variante:', 300, 3, '', 19, 'Variant', '', '', '', '', '', 'Table Lamp SPHERE', '', '', '', '', '', '', '', '', '', '', '', '', '', '', 'Will be shipped in 24-48 hours', '', '', 'Will be shipped in 7-14 days', '', '', 0, 0, 0, 0, 0, 0, '', '', '', '', 0, 0, 0);
INSERT INTO `oxarticles` VALUES('2080', 'oxbaseshop', '', 1, '0000-00-00 00:00:00', '0000-00-00 00:00:00', '2080', '', '', 'Barzange PROFI', 'Multifunktionales Bar-Werkzeug', 17, 0, 0, 0, 0, 0, 0, '', 0, '', '', '', NULL, '2080_th.jpg', '2080_ico.jpg', '2080_p1.jpg', '2080_p2.jpg', '2080_p3.jpg', '2080_p4.jpg', '2080_p5.jpg', 'nopic.jpg', 'nopic.jpg', 'nopic.jpg', 'nopic.jpg', 'nopic.jpg', 'nopic.jpg', 'nopic.jpg', '2080_z1.jpg', '2080_z2.jpg', '2080_z3.jpg', '2080_z4.jpg', 0, 6, 1, 'Lieferzeit 1-2 Tage', 'Lieferzeit 1-2 Wochen', '0000-00-00', '2005-07-28', '2008-09-02 15:13:25', 0, 0, 0, '', '', '', '', 1, '', 0, 0, '', 17, '', '', '', '', '', '', 'Champagne Pliers & Bottle Opener', 'Multifunctional Bar Tool', '', '', '', '', '', '', '', '', '', '', '', '', '', 'Will be shipped in 24-48 hours', '', '', 'Will be shipped in 7-14 days', '', '', 0, 0, 0, 0, 0, 0, '', '', '', '', 0, 0, 0);
INSERT INTO `oxarticles` VALUES('5064', 'oxbaseshop', '', 1, '0000-00-00 00:00:00', '0000-00-00 00:00:00', '5064', '', '', 'Dolch "Die geflügelte Kaiserin"', 'Eine explosive Kombination aus Erotik und...', 139, 0, 0, 0, 0, 0, 0, '', 0, '', '', '', NULL, '5064_th.jpg', '5064_ico.jpg', '5064_p1.jpg', 'nopic.jpg', 'nopic.jpg', 'nopic.jpg', 'nopic.jpg', 'nopic.jpg', 'nopic.jpg', 'nopic.jpg', 'nopic.jpg', 'nopic.jpg', 'nopic.jpg', 'nopic.jpg', '5064_z1.jpg', '5064_z2.jpg', 'nopic.jpg', 'nopic.jpg', 0, 0, 1, 'Lieferzeit 1-2 Tage', 'Lieferzeit 1-2 Wochen', '0000-00-00', '2005-07-28', '2008-09-02 15:13:25', 0, 0, 0, '', '', '', '', 1, '', 0, 0, '', 139, '', '', '', '', '', '', 'Dagger "Winged Empress"', 'An explosive compostion of erotic and arm art', '', '', '', '', '', '', '', '', '', '', '', '', '', 'Will be shipped in 24-48 hours', '', '', 'Will be shipped in 7-14 days', '', '', 0, 0, 0, 0, 0, 0, '', '', '68342e2955d7401e6.18967838', 'fe07958b49de225bd1dbc7594fb9a6b0', 0, 0, 0);
INSERT INTO `oxarticles` VALUES('5065', 'oxbaseshop', '', 1, '0000-00-00 00:00:00', '0000-00-00 00:00:00', '5065', '', '', 'Dolch "Die Herrin des Feuers"', 'Boris Vallejo entwarf diese unglaubliche...', 139, 0, 0, 0, 0, 0, 0, '', 0, '', '', '', NULL, '5065_th.jpg', '5065_ico.jpg', '5065_p1.jpg', 'nopic.jpg', 'nopic.jpg', 'nopic.jpg', 'nopic.jpg', 'nopic.jpg', 'nopic.jpg', 'nopic.jpg', 'nopic.jpg', 'nopic.jpg', 'nopic.jpg', 'nopic.jpg', '5065_z1.jpg', 'nopic.jpg', 'nopic.jpg', 'nopic.jpg', 0, 0, 1, 'Lieferzeit 1-2 Tage', 'Lieferzeit 1-2 Wochen', '0000-00-00', '2005-07-28', '2008-09-02 15:13:25', 0, 0, 0, '', '', '', '', 1, '', 0, 0, '', 139, '', '', '', '', '', '', 'Dagger "Mistress of the Fire"', 'Boris Vallejo designed this incredible...', '', '', '', '', '', '', '', '', '', '', '', '', '', 'Will be shipped in 24-48 hours', '', '', 'Will be shipped in 7-14 days', '', '', 0, 0, 0, 0, 0, 0, '', '', '68342e2955d7401e6.18967838', 'fe07958b49de225bd1dbc7594fb9a6b0', 0, 0, 0);
INSERT INTO `oxarticles` VALUES('5067', 'oxbaseshop', '', 1, '0000-00-00 00:00:00', '0000-00-00 00:00:00', '5067', '', '', 'Dagger "Snake Queen"', 'Composition of Gentle Snake and Sensual Hooter', 139, 0, 0, 0, 0, 0, 0, '', 0, '', '', '', NULL, '5067_th.jpg', '5067_ico.jpg', '5067_p1.jpg', 'nopic.jpg', 'nopic.jpg', 'nopic.jpg', 'nopic.jpg', 'nopic.jpg', 'nopic.jpg', 'nopic.jpg', 'nopic.jpg', 'nopic.jpg', 'nopic.jpg', 'nopic.jpg', '5067_z1.jpg', 'nopic.jpg', 'nopic.jpg', 'nopic.jpg', 0, 0, 1, 'Lieferzeit 1-2 Tage', 'Lieferzeit 1-2 Wochen', '0000-00-00', '2005-07-28', '2008-09-02 15:13:25', 0, 0, 0, '', '', '', '', 1, '', 0, 0, '', 139, '', '', '', '', '', '', '', '', '', '', '', '', '', '', '', '', '', '', '', '', '', 'Will be shipped in 24-48 hours', '', '', 'Will be shipped in 7-14 days', '', '', 0, 0, 0, 0, 0, 0, '', '', '68342e2955d7401e6.18967838', 'fe07958b49de225bd1dbc7594fb9a6b0', 0, 0, 0);
INSERT INTO `oxarticles` VALUES('5074', 'oxbaseshop', '', 1, '0000-00-00 00:00:00', '0000-00-00 00:00:00', '5074', '', '', 'Brieföffner mit Drachenwandhalter', 'Edler Drache hält einen Brieföffner', 15, 0, 0, 0, 0, 0, 0, '', 0, '', '', '', NULL, '5074_th.jpg', '5074_ico.jpg', '5074_p1.jpg', 'nopic.jpg', 'nopic.jpg', 'nopic.jpg', 'nopic.jpg', 'nopic.jpg', 'nopic.jpg', 'nopic.jpg', 'nopic.jpg', 'nopic.jpg', 'nopic.jpg', 'nopic.jpg', '5074_z1.jpg', 'nopic.jpg', 'nopic.jpg', 'nopic.jpg', 0, 0, 1, 'Lieferzeit 1-2 Tage', 'Lieferzeit 1-2 Wochen', '0000-00-00', '2005-07-28', '2008-09-02 15:13:25', 0, 0, 0, '', '', '', '', 1, '', 0, 0, '', 15, '', '', '', '', '', '', 'Paper Knife incl. Dragon wall bracket', 'Noble Dragon holds a paper knife', '', '', '', '', '', '', '', '', '', '', '', '', '', 'Will be shipped in 24-48 hours', '', '', 'Will be shipped in 7-14 days', '', '', 0, 0, 0, 0, 0, 0, '', '', '68342e2955d7401e6.18967838', 'fe07958b49de225bd1dbc7594fb9a6b0', 0, 0, 0);
INSERT INTO `oxarticles` VALUES('85b42c94400aab026.83257531', 'oxbaseshop', '', 1, '0000-00-00 00:00:00', '0000-00-00 00:00:00', '1487', '', '', 'Geburtstagskalender Happy B', 'Hochwertiger Erinngerungs-Kalender aus Buche.', 72, 0, 0, 0, 0, 0, 0, '', 0, '', '', '', NULL, '1487_th.jpg', '1487_ico.jpg', '1487_p1.jpg', 'nopic.jpg', 'nopic.jpg', 'nopic.jpg', 'nopic.jpg', 'nopic.jpg', 'nopic.jpg', 'nopic.jpg', 'nopic.jpg', 'nopic.jpg', 'nopic.jpg', 'nopic.jpg', '1487_z1.jpg', 'nopic.jpg', 'nopic.jpg', 'nopic.jpg', 0, 1000, 2, 'Lieferzeit 1-2 Tage', 'Lieferzeit 1-2 Wochen', '0000-00-00', '2005-07-04', '2008-09-02 15:13:25', 0, 0, 0, '', '', '', '', 1, '', 0, 0, '', 72, '', '', '', '', '', '', 'Birthday Calender Happy B', 'Having this premium oak calender you won''t miss your', '', '', '', '', '', '', '', '', '', '', '', '', '', 'Will be shipped in 24-48 hours', '', '', 'Will be shipped in 7-14 days', '', '', 0, 0, 0, 0, 0, 0, '', '', '', '', 0, 0, 0);
INSERT INTO `oxarticles` VALUES('85b42c94a32b3fdd2.66642220', 'oxbaseshop', '', 1, '0000-00-00 00:00:00', '0000-00-00 00:00:00', '2061', '', '', 'Herzkissen PLAYBOY', 'Tolles Herzkissen im Playboy-Look', 19.9, 0, 0, 0, 0, 0, 0, '', 0, '', '', '', NULL, '2061_th.jpg', '2061_ico.jpg', '2061_p1.jpg', 'nopic.jpg', 'nopic.jpg', 'nopic.jpg', 'nopic.jpg', 'nopic.jpg', 'nopic.jpg', 'nopic.jpg', 'nopic.jpg', 'nopic.jpg', 'nopic.jpg', 'nopic.jpg', '2061_z1.jpg', 'nopic.jpg', 'nopic.jpg', 'nopic.jpg', 0, 1000, 4, 'Lieferzeit 1-2 Tage', 'Lieferzeit 1-2 Wochen', '0000-00-00', '2005-07-04', '2008-09-02 15:13:25', 0, 0, 0, '', '', '', '', 1, '', 0, 0, '', 19.9, '', '', '', '', '', '', 'Heart Pillow PLAYBOY', 'Great Heart Pillow with Playboy Bunny', '', '', '', '', '', '', '', '', '', '', '', '', '', 'Will be shipped in 24-48 hours', '', '', 'Will be shipped in 7-14 days', '', '', 0, 0, 0, 0, 0, 0, '', '', '', '', 0, 0, 0);
INSERT INTO `oxarticles` VALUES('8a142c4100e0b2f57.59530204', 'oxbaseshop', '2077', 1, '0000-00-00 00:00:00', '0000-00-00 00:00:00', '2077-01', '', '', '', '', 19, 0, 0, 0, 0, 0, 0, '', 0, '', '', '', NULL, 'nopic.jpg', '2077_p1_ico.jpg', '2077_p1.jpg', '2077_p2.jpg', '2077_p3.jpg', 'nopic.jpg', 'nopic.jpg', 'nopic.jpg', 'nopic.jpg', 'nopic.jpg', 'nopic.jpg', 'nopic.jpg', 'nopic.jpg', 'nopic.jpg', 'nopic.jpg', 'nopic.jpg', 'nopic.jpg', 'nopic.jpg', 0, 100, 3, 'Lieferzeit 1-2 Tage', 'Lieferzeit 1-2 Wochen', '0000-00-00', '2005-06-30', '2008-04-04 11:22:56', 0, 0, 0, '', '', '', '', 1, '', 0, 0, 'orange', 0, '', 'violett', '', '', '', '', '', '', '', '', '', '', '', '', '', '', '', '', '', '', '', 'Will be shipped in 24-48 hours', '', '', 'Will be shipped in 7-14 days', '', '', 0, 0, 0, 0, 0, 0, '', '', '', '', 0, 0, 0);
INSERT INTO `oxarticles` VALUES('8a142c410f55ed579.98106125', 'oxbaseshop', '2077', 1, '0000-00-00 00:00:00', '0000-00-00 00:00:00', '2077-03', '', '', '', '', 19, 0, 0, 0, 0, 0, 0, '', 0, '', '', '', NULL, 'nopic.jpg', '2077_p3_ico.jpg', '2077_p3.jpg', '2077_p1.jpg', '2077_p2.jpg', 'nopic.jpg', 'nopic.jpg', 'nopic.jpg', 'nopic.jpg', 'nopic.jpg', 'nopic.jpg', 'nopic.jpg', 'nopic.jpg', 'nopic.jpg', 'nopic.jpg', 'nopic.jpg', 'nopic.jpg', 'nopic.jpg', 0, 100, 3, 'Lieferzeit 1-2 Tage', 'Lieferzeit 1-2 Wochen', '0000-00-00', '2005-06-30', '2008-04-04 11:22:56', 0, 0, 0, '', '', '', '', 1, '', 0, 0, 'rot', 0, '', 'red', '', '', '', '', '', '', '', '', '', '', '', '', '', '', '', '', '', '', '', 'Will be shipped in 24-48 hours', '', '', 'Will be shipped in 7-14 days', '', '', 0, 0, 0, 0, 0, 0, '', '', '', '', 0, 0, 0);
INSERT INTO `oxarticles` VALUES('8a142c4113f3b7aa3.13470399', 'oxbaseshop', '2077', 1, '0000-00-00 00:00:00', '0000-00-00 00:00:00', '2077-02', '', '', '', '', 19, 0, 0, 0, 0, 0, 0, '', 0, '', '', '', NULL, 'nopic.jpg', '2077_p2_ico.jpg', '2077_p2.jpg', '2077_p3.jpg', '2077_p1.jpg', 'nopic.jpg', 'nopic.jpg', 'nopic.jpg', 'nopic.jpg', 'nopic.jpg', 'nopic.jpg', 'nopic.jpg', 'nopic.jpg', 'nopic.jpg', 'nopic.jpg', 'nopic.jpg', 'nopic.jpg', 'nopic.jpg', 0, 100, 3, 'Lieferzeit 1-2 Tage', 'Lieferzeit 1-2 Wochen', '0000-00-00', '2005-06-30', '2008-04-04 11:22:56', 0, 0, 0, '', '', '', '', 1, '', 0, 0, 'violett', 0, '', 'orange', '', '', '', '', '', '', '', '', '', '', '', '', '', '', '', '', '', '', '', 'Will be shipped in 24-48 hours', '', '', 'Will be shipped in 7-14 days', '', '', 0, 0, 0, 0, 0, 0, '', '', '', '', 0, 0, 0);
INSERT INTO `oxarticles` VALUES('9f542c530b33a7128.25390419', 'oxbaseshop', '1127', 1, '0000-00-00 00:00:00', '0000-00-00 00:00:00', '1127-01', '', '', '', '', 8, 0, 0, 0, 0, 0, 0, '', 0, '', '', '', NULL, 'nopic.jpg', 'nopic_ico.jpg', 'nopic.jpg', 'nopic.jpg', 'nopic.jpg', 'nopic.jpg', 'nopic.jpg', 'nopic.jpg', 'nopic.jpg', 'nopic.jpg', 'nopic.jpg', 'nopic.jpg', 'nopic.jpg', 'nopic.jpg', 'nopic.jpg', 'nopic.jpg', 'nopic.jpg', 'nopic.jpg', 0, 80, 1, 'Lieferzeit 1-2 Tage', 'Lieferzeit 1-2 Wochen', '0000-00-00', '2005-07-01', '2008-08-29 15:26:13', 0, 0, 0, '', '', '', '', 1, '', 0, 0, 'Lime', 0, '', 'Lime', '', '', '', '', '', '', '', '', '', '', '', '', '', '', '', '', '', '', '', 'Will be shipped in 24-48 hours', '', '', 'Will be shipped in 7-14 days', '', '', 0, 0, 0, 0, 0, 0, '', '', '', '', 0, 0, 0);
INSERT INTO `oxarticles` VALUES('9f542c530c9e60d51.23934120', 'oxbaseshop', '1127', 1, '0000-00-00 00:00:00', '0000-00-00 00:00:00', '1127-02', '', '', '', '', 8, 0, 0, 0, 0, 0, 0, '', 0, '', '', '', NULL, 'nopic.jpg', 'nopic_ico.jpg', 'nopic.jpg', 'nopic.jpg', 'nopic.jpg', 'nopic.jpg', 'nopic.jpg', 'nopic.jpg', 'nopic.jpg', 'nopic.jpg', 'nopic.jpg', 'nopic.jpg', 'nopic.jpg', 'nopic.jpg', 'nopic.jpg', 'nopic.jpg', 'nopic.jpg', 'nopic.jpg', 0, 20, 1, 'Lieferzeit 1-2 Tage', 'Lieferzeit 1-2 Wochen', '0000-00-00', '2005-07-01', '2008-08-29 15:26:13', 0, 0, 0, '', '', '', '', 0, '', 0, 0, 'Arctic', 0, '', 'Arctic', '', '', '', '', '', '', '', '', '', '', '', '', '', '', '', '', '', '', '', 'Will be shipped in 24-48 hours', '', '', 'Will be shipped in 7-14 days', '', '', 0, 0, 0, 0, 0, 0, '', '', '', '', 0, 0, 0);
INSERT INTO `oxarticles` VALUES('9f542c530e3e89df7.74068434', 'oxbaseshop', '1127', 1, '0000-00-00 00:00:00', '0000-00-00 00:00:00', '1127-03', '', '', '', '', 8, 0, 0, 0, 0, 0, 0, '', 0, '', '', '', NULL, 'nopic.jpg', 'nopic_ico.jpg', 'nopic.jpg', 'nopic.jpg', 'nopic.jpg', 'nopic.jpg', 'nopic.jpg', 'nopic.jpg', 'nopic.jpg', 'nopic.jpg', 'nopic.jpg', 'nopic.jpg', 'nopic.jpg', 'nopic.jpg', 'nopic.jpg', 'nopic.jpg', 'nopic.jpg', 'nopic.jpg', 0, 2, 1, 'Lieferzeit 1-2 Tage', 'Lieferzeit 1-2 Wochen', '0000-00-00', '2005-07-01', '2008-08-29 15:26:13', 0, 0, 0, '', '', '', '', 0, '', 0, 0, 'Purple', 0, '', 'Purple', '', '', '', '', '', '', '', '', '', '', '', '', '', '', '', '', '', '', '', 'Will be shipped in 24-48 hours', '', '', 'Will be shipped in 7-14 days', '', '', 0, 0, 0, 0, 0, 0, '', '', '', '', 0, 0, 0);
INSERT INTO `oxarticles` VALUES('be642cad637adf214.28850610', 'oxbaseshop', '', 1, '0000-00-00 00:00:00', '0000-00-00 00:00:00', '1873', '', '', 'Purse GLAM', 'Kultiges Täschchen - mit persönlicher Message.', 14.9, 0, 0, 0, 0, 0, 0, '', 0, '', '', '', NULL, '1873_th.jpg', '1873_ico.jpg', '1873_p1.jpg', 'nopic.jpg', 'nopic.jpg', 'nopic.jpg', 'nopic.jpg', 'nopic.jpg', 'nopic.jpg', 'nopic.jpg', 'nopic.jpg', 'nopic.jpg', 'nopic.jpg', 'nopic.jpg', '1873_z1.jpg', 'nopic.jpg', 'nopic.jpg', 'nopic.jpg', 0, 0, 4, 'Lieferzeit 1-2 Tage', 'Lieferzeit 1-2 Wochen', '0000-00-00', '2005-07-05', '2008-09-02 15:13:25', 0, 0, 0, '', '', 'details_persparam.tpl', '', 1, '', 0, 0, '', 14.9, '', '', '', '', '', '', 'Purse GLAM', 'Trendy Purse with Personal Message', '', '', '', '', '', '', '', '', '', '', '', '', '', 'Will be shipped in 24-48 hours', '', '', 'Will be shipped in 7-14 days', '', '', 0, 1, 0, 0, 0, 0, '', '', '', '', 0, 0, 0);
INSERT INTO `oxarticles` VALUES('be642cada8422f150.29332483', 'oxbaseshop', '', 1, '0000-00-00 00:00:00', '0000-00-00 00:00:00', '1432', '', '', 'Badeschaum Tainted Love', 'Badeschaum', 15.9, 0, 0, 0, 0, 0, 0, 'Liter', 0.39, '', '', '', NULL, '1432_th.jpg', '1432_ico.jpg', '1432_p1.jpg', 'nopic.jpg', 'nopic.jpg', 'nopic.jpg', 'nopic.jpg', 'nopic.jpg', 'nopic.jpg', 'nopic.jpg', 'nopic.jpg', 'nopic.jpg', 'nopic.jpg', 'nopic.jpg', '1432_z1.jpg', 'nopic.jpg', 'nopic.jpg', 'nopic.jpg', 0, 0, 4, 'Lieferzeit 1-2 Tage', 'Lieferzeit 1-2 Wochen', '0000-00-00', '2005-07-05', '2008-09-02 15:13:25', 0, 0, 0, '', '', '', '', 1, '', 0, 0, '', 15.9, '', '', '', '', '', '', 'Bath Foam Tainted Love', 'Bath Foam', '', '', '', '', '', '', '', '', '', '', '', '', '', 'Will be shipped in 24-48 hours', '', '', 'Will be shipped in 7-14 days', '', '', 0, 0, 0, 0, 0, 0, '', '', '', '', 0, 0, 0);
INSERT INTO `oxarticles` VALUES('d8842e3cb356356f4.93820547', 'oxbaseshop', '', 1, '0000-00-00 00:00:00', '0000-00-00 00:00:00', '2028', '', '', 'Wanduhr EXIT', '', 22, 0, 0, 0, 0, 0, 0, '', 0, '', '', '', NULL, '2028_th.jpg', '2028_ico.jpg', '2028_p1.jpg', 'nopic.jpg', 'nopic.jpg', 'nopic.jpg', 'nopic.jpg', 'nopic.jpg', 'nopic.jpg', 'nopic.jpg', 'nopic.jpg', 'nopic.jpg', 'nopic.jpg', 'nopic.jpg', '2028_z1.jpg', '2028_z2.jpg', 'nopic.jpg', 'nopic.jpg', 0, 3, 1, 'Lieferzeit 1-2 Tage', 'Lieferzeit 1-2 Wochen', '0000-00-00', '2005-07-24', '2008-09-02 15:13:25', 0, 0, 0, '', '', '', '', 1, '', 0, 0, '', 22, '', '', '', '', '', '', 'Wall Clock EXIT', '', '', '', '', '', '', '', '', '', '', '', '', '', '', 'Will be shipped in 24-48 hours', '', '', 'Will be shipped in 7-14 days', '', '', 0, 0, 0, 0, 0, 0, '', '', '', '', 0, 0, 0);
INSERT INTO `oxarticles` VALUES('d8842e3cbb8ac9238.37666205', 'oxbaseshop', '', 1, '0000-00-00 00:00:00', '0000-00-00 00:00:00', '5066', '', '', 'Dolch "Die Medusa"', 'Sinnlich und gefährlich erotisch', 139, 0, 0, 0, 0, 0, 0, '', 0, '', '', '', NULL, '5066_th.jpg', '5066_ico.jpg', '5066_p1.jpg', 'nopic.jpg', 'nopic.jpg', 'nopic.jpg', 'nopic.jpg', 'nopic.jpg', 'nopic.jpg', 'nopic.jpg', 'nopic.jpg', 'nopic.jpg', 'nopic.jpg', 'nopic.jpg', '5066_z1.jpg', 'nopic.jpg', 'nopic.jpg', 'nopic.jpg', 0, 0, 1, 'Lieferzeit 1-2 Tage', 'Lieferzeit 1-2 Wochen', '0000-00-00', '2005-07-24', '2008-09-02 15:13:25', 0, 0, 0, '', '', '', '', 1, '', 0, 0, '', 139, '', '', '', '', '', '', 'Dagger ''Medusa''', 'Sinnlich und gefährlich erotisch', '', '', '', '', '', '', '', '', '', '', '', '', '', 'Will be shipped in 24-48 hours', '', '', 'Will be shipped in 7-14 days', '', '', 0, 0, 0, 0, 0, 0, '', '', '68342e2955d7401e6.18967838', 'fe07958b49de225bd1dbc7594fb9a6b0', 0, 0, 0);
INSERT INTO `oxarticles` VALUES('d8842e3cbf9290351.59301740', 'oxbaseshop', '', 1, '0000-00-00 00:00:00', '0000-00-00 00:00:00', '1876', '', '', 'Barwagen LOUNGE', '', 179, 0, 0, 0, 0, 0, 0, '', 0, '', '', '', NULL, '1876_th.jpg', '1876_ico.jpg', '1876_p1.jpg', 'nopic.jpg', 'nopic.jpg', 'nopic.jpg', 'nopic.jpg', 'nopic.jpg', 'nopic.jpg', 'nopic.jpg', 'nopic.jpg', 'nopic.jpg', 'nopic.jpg', 'nopic.jpg', '1876_z1.jpg', '1876_z2.jpg', 'nopic.jpg', 'nopic.jpg', 0, -1, 1, 'Lieferzeit 1-2 Tage', 'Lieferzeit 1-2 Wochen', '0000-00-00', '2005-07-24', '2008-09-02 15:13:25', 0, 0, 0, '', '', '', '', 1, '', 0, 0, '', 179, '', '', '', '', '', '', 'Bar Cart LOUNGE', '', '', '', '', '', '', '', '', '', '', '', '', '', '', 'Will be shipped in 24-48 hours', '', '', 'Will be shipped in 7-14 days', '', '', 0, 0, 0, 0, 0, 0, '', '', '', '', 0, 0, 0);

#
# Data for table `oxattribute`
#

INSERT INTO `oxattribute` VALUES ('8a142c3e9cd961518.80299776', 'oxbaseshop', 'Design', 'Design', '', '', 0);
INSERT INTO `oxattribute` VALUES ('8a142c3ee0edb75d4.80743302', 'oxbaseshop', 'Anzeige', 'Display', '', '', 0);
INSERT INTO `oxattribute` VALUES ('8a142c3f0a792c0c3.93013584', 'oxbaseshop', 'Modell', 'Model', '', '', 0);
INSERT INTO `oxattribute` VALUES ('8a142c3f0b9527634.96987022', 'oxbaseshop', 'Größe', 'Size', '', '', 0);
INSERT INTO `oxattribute` VALUES ('8a142c3f0e2cf1a34.78041155', 'oxbaseshop', 'Material', 'Material', '', '', 0);
INSERT INTO `oxattribute` VALUES ('8a142c3f0fdb08972.22223006', 'oxbaseshop', 'Farbe', 'Color', '', '', 0);
INSERT INTO `oxattribute` VALUES ('8a142c3f14ef22a14.79693851', 'oxbaseshop', 'Einsatzbereich', 'Area of application', '', '', 0);
INSERT INTO `oxattribute` VALUES ('8a142c3fb2344b7e6.08706912', 'oxbaseshop', 'Getränk', 'Drink', '', '', 0);
INSERT INTO `oxattribute` VALUES ('8a142c3fd8f69f6d0.34274236', 'oxbaseshop', 'Design', 'Design', '', '', 0);
INSERT INTO `oxattribute` VALUES ('d8842e3b51c3342c8.87563759', 'oxbaseshop', 'Plush', '', '', '', 0);
INSERT INTO `oxattribute` VALUES ('d8842e3b7c5e108c1.63072778', 'oxbaseshop', 'Beschaffenheit', 'Texture', '', '', 0);

#
# Data for table `oxcategories`
#

INSERT INTO `oxcategories` VALUES ('8a142c3e4143562a5.46426637', 'oxrootid', 1, 10, '8a142c3e4143562a5.46426637', 9999, '1', '0', 'oxbaseshop', 'Geschenke', '', '', '', '', '', '', '0', '0', '0', '1', 'Gifts', '', '', '1', '', '', '', '0', '', '', '', '', null, '0', '1');
INSERT INTO `oxcategories` VALUES ('8a142c3e44ea4e714.31136811', '8a142c3e4143562a5.46426637', 2, 5, '8a142c3e4143562a5.46426637', 9999, '1', '0', 'oxbaseshop', 'Wohnen', 'Man kann nie zu reich, zu schön oder zu möbiliert sein!', '', '', '', '', '', '0', '0', '0', '1', 'Living', 'You can never be too rich, too pretty, or have too nice furniture!', '', '1', '', '', '', '0', '', '', '', '', null, '0', '1');
INSERT INTO `oxcategories` VALUES ('8a142c3e49b5a80c1.23676990', '8a142c3e4143562a5.46426637', 6, 7, '8a142c3e4143562a5.46426637', 9999, '1', '0', 'oxbaseshop', 'Bar-Equippment', 'Stilvoll saufen!', '<div>Hier finden Sie Bar-Equipment für Party und private Anlässe, ebenso wie für den professionellen Einsatz.</div>', 'bar_tc.jpg', '', '', '', '0', '0', '0', '1', 'Bar Equippment', '', '', '1', '', '', '', '0', '', '', '', '', null, '0', '1');
INSERT INTO `oxcategories` VALUES ('8a142c3e4d3253c95.46563530', '8a142c3e4143562a5.46426637', 8, 9, '8a142c3e4143562a5.46426637', 9999, '1', '0', 'oxbaseshop', 'Fantasy', '', '', '', '', '', '', '0', '0', '0', '1', 'Fantasy', '', '', '1', '', '', '', '0', '', '', '', '', null, '0', '1');
INSERT INTO `oxcategories` VALUES ('8a142c3e60a535f16.78077188', '8a142c3e44ea4e714.31136811', 3, 4, '8a142c3e4143562a5.46426637', 9999, '1', '0', 'oxbaseshop', 'Uhren', '', '', 'uhren3_tc.jpg', '', '', '', '0', '0', '0', '1', 'Clocks', '', '', '1', '', '', '', '0', '', '', '', '', null, '0', '1');

#
# Data for table `oxobject2article`
#

INSERT INTO `oxobject2article` VALUES ('f3b42c8ebed014e90.57967132', '1127', '1126', 0);
INSERT INTO `oxobject2article` VALUES ('d8842e3be78dd3220.83970193', '85b42c94a32b3fdd2.66642220', 'be642cada8422f150.29332483', 2);
INSERT INTO `oxobject2article` VALUES ('f3b42c8ebf5e7d097.00651074', '2080', '1126', 1);
INSERT INTO `oxobject2article` VALUES ('f3b42c8ec10b52d55.03696996', '1849', '1126', 2);
INSERT INTO `oxobject2article` VALUES ('d8842e3b911d6d986.80348108', '2077', '1127', 2);
INSERT INTO `oxobject2article` VALUES ('d8842e3b90ecab6c3.29078303', '1940', '1127', 1);
INSERT INTO `oxobject2article` VALUES ('d8842e3be78de4e28.49110372', '2077', 'be642cada8422f150.29332483', 3);
INSERT INTO `oxobject2article` VALUES ('d8842e3ba844fb876.30128335', '1477', '1131', 1);
INSERT INTO `oxobject2article` VALUES ('f3b42c8ecd2d0bf53.53048959', '1127', '1142', 0);
INSERT INTO `oxobject2article` VALUES ('f3b42c8ecd2e562b4.74239963', '1351', '1142', 1);
INSERT INTO `oxobject2article` VALUES ('f3b42c8ecd309d112.45788358', '1431', '1142', 2);
INSERT INTO `oxobject2article` VALUES ('f3b42c8ecd30d6668.80327393', '2036', '1142', 3);
INSERT INTO `oxobject2article` VALUES ('f3b42c8ecfda636a5.65181642', '1131', '1351', 0);
INSERT INTO `oxobject2article` VALUES ('f3b42c8ecfdaec183.82755295', '1906', '1351', 1);
INSERT INTO `oxobject2article` VALUES ('f3b42c8ecfdb4f5b6.17263944', '2080', '1351', 2);
INSERT INTO `oxobject2article` VALUES ('f3b42c8ed3e6500a6.86708939', '2036', '1431', 0);
INSERT INTO `oxobject2article` VALUES ('f3b42c8ed3eb9cab8.97437591', '2080', '1431', 1);
INSERT INTO `oxobject2article` VALUES ('f3b42c8ed621749e5.27436018', '1131', '1477', 0);
INSERT INTO `oxobject2article` VALUES ('f3b42c8ed622969d0.41462911', '2080', '1477', 1);
INSERT INTO `oxobject2article` VALUES ('f3b42c8ed855e8174.36071483', '1142', '1651', 0);
INSERT INTO `oxobject2article` VALUES ('d8842e3be78dc04c1.36085602', '1940', 'be642cada8422f150.29332483', 1);
INSERT INTO `oxobject2article` VALUES ('d8842e3be6810fe50.67693228', '1951', 'be642cada8422f150.29332483', 0);
INSERT INTO `oxobject2article` VALUES ('d8842e3bbe3b6ac07.24885439', '1952', '1651', 1);
INSERT INTO `oxobject2article` VALUES ('d8842e3b9a4c6cce8.75003357', '5064', '1351', 3);
INSERT INTO `oxobject2article` VALUES ('f3b42c8edf399ab81.72500117', '2036', '1849', 1);
INSERT INTO `oxobject2article` VALUES ('f3b42c8edf3a05d20.39589386', '2080', '1849', 2);
INSERT INTO `oxobject2article` VALUES ('d8842e3bba8074765.19018315', '1952', '1906', 1);
INSERT INTO `oxobject2article` VALUES ('d8842e3bb8c4c9149.18616434', '1131', '1906', 0);
INSERT INTO `oxobject2article` VALUES ('f3b42c8ee6a8a1779.06377387', '1952', '1940', 0);
INSERT INTO `oxobject2article` VALUES ('f3b42c8ee6a8fc068.83495572', '2025', '1940', 1);
INSERT INTO `oxobject2article` VALUES ('f3b42c8ee6a9ceea3.18069334', '2077', '1940', 3);
INSERT INTO `oxobject2article` VALUES ('d8842e3b4c8753ae8.89623093', '1940', '1951', 1);
INSERT INTO `oxobject2article` VALUES ('d8842e3b4bfad5ee2.69122076', '85b42c94a32b3fdd2.66642220', '1951', 0);
INSERT INTO `oxobject2article` VALUES ('d8842e3b47a690447.21503517', '2036', '2000', 0);
INSERT INTO `oxobject2article` VALUES ('f3b42c8ee9da3f3f4.64346108', '1672', '1952', 0);
INSERT INTO `oxobject2article` VALUES ('f3b42c8ee9da5c8b1.15796004', '1940', '1952', 1);
INSERT INTO `oxobject2article` VALUES ('f3b42c8ee9dad08c8.89991291', '2077', '1952', 3);
INSERT INTO `oxobject2article` VALUES ('f3b42c8ee9daf7fe4.85344142', '2080', '1952', 4);
INSERT INTO `oxobject2article` VALUES ('f3b42c8ef2304f374.62829975', '1126', '1964', 0);
INSERT INTO `oxobject2article` VALUES ('f3b42c8ef2306b686.51689146', '1127', '1964', 1);
INSERT INTO `oxobject2article` VALUES ('f3b42c8ef230bfa77.45461298', '2024', '1964', 2);
INSERT INTO `oxobject2article` VALUES ('f3b42c8ef230e8b47.85297530', '2025', '1964', 3);
INSERT INTO `oxobject2article` VALUES ('f3b42c8ef6827ed77.39015708', '1940', '2024', 0);
INSERT INTO `oxobject2article` VALUES ('f3b42c8ef68299f14.55264426', '2025', '2024', 1);
INSERT INTO `oxobject2article` VALUES ('f3b42c8ef6831cf36.42904592', '2077', '2024', 3);
INSERT INTO `oxobject2article` VALUES ('f3b42c8ef962ae5b4.45681183', '1940', '2025', 0);
INSERT INTO `oxobject2article` VALUES ('f3b42c8ef962cb220.08033597', '2024', '2025', 1);
INSERT INTO `oxobject2article` VALUES ('f3b42c8ef963035f8.04123283', '2077', '2025', 3);
INSERT INTO `oxobject2article` VALUES ('d8842e3ba478b9962.82403257', '1431', '2036', 3);
INSERT INTO `oxobject2article` VALUES ('d8842e3ba4036b480.96652024', '1849', '2036', 2);
INSERT INTO `oxobject2article` VALUES ('f3b42c8efc6e41037.73937097', '2080', '2036', 0);
INSERT INTO `oxobject2article` VALUES ('d8842e3cbb8b18516.30865493', '5074', 'd8842e3cbb8ac9238.37666205', 0);
INSERT INTO `oxobject2article` VALUES ('d8842e3cbb8b167d1.39497184', '5067', 'd8842e3cbb8ac9238.37666205', 0);
INSERT INTO `oxobject2article` VALUES ('d8842e3cbb8b14428.93277080', '5065', 'd8842e3cbb8ac9238.37666205', 0);
INSERT INTO `oxobject2article` VALUES ('f3b42c8f002c6df84.64525506', '2024', '2077', 0);
INSERT INTO `oxobject2article` VALUES ('f3b42c8f002c8b084.94824707', '2025', '2077', 1);
INSERT INTO `oxobject2article` VALUES ('f3b42c8f002cb1758.49045846', '2036', '2077', 2);
INSERT INTO `oxobject2article` VALUES ('d8842e3cbb8b10a90.36258703', '5064', 'd8842e3cbb8ac9238.37666205', 0);
INSERT INTO `oxobject2article` VALUES ('f3b42c8f017b58b27.95751501', '2036', '2080', 2);
INSERT INTO `oxobject2article` VALUES ('f3b42c8f02f1ddc07.58013605', '5065', '5064', 0);
INSERT INTO `oxobject2article` VALUES ('f3b42c8f02f215421.99206570', '5067', '5064', 2);
INSERT INTO `oxobject2article` VALUES ('f3b42c8f02f271ac0.78533031', '5074', '5064', 3);
INSERT INTO `oxobject2article` VALUES ('f3b42c8f03ff19c02.10582703', '5064', '5065', 0);
INSERT INTO `oxobject2article` VALUES ('f3b42c8f0400a07a2.00363491', '5067', '5065', 2);
INSERT INTO `oxobject2article` VALUES ('f3b42c8f0401449d8.54335080', '5074', '5065', 3);
INSERT INTO `oxobject2article` VALUES ('d8842e3cbf92dd116.12031970', '2080', 'd8842e3cbf9290351.59301740', 0);
INSERT INTO `oxobject2article` VALUES ('d8842e3cbf92db338.80458251', '2036', 'd8842e3cbf9290351.59301740', 0);
INSERT INTO `oxobject2article` VALUES ('f3b42c8f066879f16.27523308', '5064', '5067', 0);
INSERT INTO `oxobject2article` VALUES ('f3b42c8f066899fe6.25707634', '5065', '5067', 1);
INSERT INTO `oxobject2article` VALUES ('d8842e3cbf92d9079.86009844', '1849', 'd8842e3cbf9290351.59301740', 0);
INSERT INTO `oxobject2article` VALUES ('f3b42c8f0668d1ab1.39561540', '5074', '5067', 3);
INSERT INTO `oxobject2article` VALUES ('f3b42c8f07c28baf7.98391643', '5064', '5074', 0);
INSERT INTO `oxobject2article` VALUES ('f3b42c8f07c2e3eb2.16349506', '5065', '5074', 1);
INSERT INTO `oxobject2article` VALUES ('d8842e3cbf92d5951.69775644', '1351', 'd8842e3cbf9290351.59301740', 0);
INSERT INTO `oxobject2article` VALUES ('f3b42c8f07c32a359.55344168', '5067', '5074', 3);
INSERT INTO `oxobject2article` VALUES ('85b42c9451855ec98.68307925', '1940', '85b42c94400aab026.83257531', 0);
INSERT INTO `oxobject2article` VALUES ('85b42c945185b99b6.60876332', '2077', '85b42c94400aab026.83257531', 1);
INSERT INTO `oxobject2article` VALUES ('85b42c94a7f6a1c95.08119680', '85b42c94400aab026.83257531', '85b42c94a32b3fdd2.66642220', 0);
INSERT INTO `oxobject2article` VALUES ('85b42c94a7f6be5c0.09007775', '1940', '85b42c94a32b3fdd2.66642220', 1);
INSERT INTO `oxobject2article` VALUES ('85b42c94a7f6d94a1.21526421', '2077', '85b42c94a32b3fdd2.66642220', 2);

#
# Data for table `oxobject2attribute`
#

INSERT INTO `oxobject2attribute` VALUES ('8a142c3e9d9ce6bb3.51485896', '1354', '8a142c3e9cd961518.80299776', 'originell', 0, 'funny', '', '');
INSERT INTO `oxobject2attribute` VALUES ('8a142c3e9d9d30f75.33413698', '1672', '8a142c3e9cd961518.80299776', 'multifunktional', 0, 'multifunctional', '', '');
INSERT INTO `oxobject2attribute` VALUES ('8a142c3e9d9d3ed54.65742055', '1951', '8a142c3e9cd961518.80299776', 'illustriert, 50ies Pin Up', 0, 'illustrated, 50 years', '', '');
INSERT INTO `oxobject2attribute` VALUES ('8a142c3e9d9d49cd4.67697295', '2000', '8a142c3e9cd961518.80299776', 'illustriert', 0, 'illustrated', '', '');
INSERT INTO `oxobject2attribute` VALUES ('8a142c3e9d9d5e4b1.56864379', '1771', '8a142c3e9cd961518.80299776', 'funktionell', 0, 'functional', '', '');
INSERT INTO `oxobject2attribute` VALUES ('8a142c3ee3589ec00.03197472', '2000', '8a142c3ee0edb75d4.80743302', 'Zeiger', 0, 'hand', '', '');
INSERT INTO `oxobject2attribute` VALUES ('8a142c3ee358b3323.54909751', '1771', '8a142c3ee0edb75d4.80743302', 'Digital', 0, 'Digital', '', '');
INSERT INTO `oxobject2attribute` VALUES ('8a142c3ee358f7563.02508843', '1354', '8a142c3ee0edb75d4.80743302', 'Zeiger', 0, 'hand', '', '');
INSERT INTO `oxobject2attribute` VALUES ('8a142c3ee359027e7.48825244', '1672', '8a142c3ee0edb75d4.80743302', 'Zeiger', 0, 'hand', '', '');
INSERT INTO `oxobject2attribute` VALUES ('8a142c3ee359146b7.31524434', '1951', '8a142c3ee0edb75d4.80743302', 'Zeiger', 0, 'hand', '', '');
INSERT INTO `oxobject2attribute` VALUES ('8a142c3f0c0b8e053.52460881', '1771', '8a142c3f0b9527634.96987022', 'H:19.9cm B:31.5cm', 0, 'H:19.9cm W:31.5cm', '', '');
INSERT INTO `oxobject2attribute` VALUES ('8a142c3f0c0ba01f8.44433505', '1354', '8a142c3f0b9527634.96987022', '33 cm', 0, '33 cm', '', '');
INSERT INTO `oxobject2attribute` VALUES ('8a142c3f0c0baa3f4.54955953', '1672', '8a142c3f0b9527634.96987022', '25 cm', 0, '25 cm', '', '');
INSERT INTO `oxobject2attribute` VALUES ('8a142c3f0c0bb4b68.14329516', '1951', '8a142c3f0b9527634.96987022', '34 cm', 0, '34 cm', '', '');
INSERT INTO `oxobject2attribute` VALUES ('8a142c3f0c0bfbbd9.42656154', '2000', '8a142c3f0b9527634.96987022', '40 cm', 0, '40 cm', '', '');
INSERT INTO `oxobject2attribute` VALUES ('8a142c3f0cd0510f6.51670429', '1771', '8a142c3f0a792c0c3.93013584', 'Wanduhr', 0, 'Wall clock', '', '');
INSERT INTO `oxobject2attribute` VALUES ('8a142c3f0cd05bc70.58004989', '1354', '8a142c3f0a792c0c3.93013584', 'Wanduhr', 0, 'Wall clock', '', '');
INSERT INTO `oxobject2attribute` VALUES ('8a142c3f0cd067859.85982626', '1672', '8a142c3f0a792c0c3.93013584', 'Wanduhr', 0, 'Wall clock', '', '');
INSERT INTO `oxobject2attribute` VALUES ('8a142c3f0cd0ae949.59059588', '1951', '8a142c3f0a792c0c3.93013584', 'Wanduhr', 0, 'Wall clock', '', '');
INSERT INTO `oxobject2attribute` VALUES ('8a142c3f0cd0bc247.63949489', '2000', '8a142c3f0a792c0c3.93013584', 'Wanduhr', 0, 'Wall clock', '', '');
INSERT INTO `oxobject2attribute` VALUES ('8a142c3f0ec842861.09161716', '1771', '8a142c3f0e2cf1a34.78041155', 'Aluminium', 0, 'Aluminium', '', '');
INSERT INTO `oxobject2attribute` VALUES ('8a142c3f0ec853a41.11711465', '1354', '8a142c3f0e2cf1a34.78041155', 'Stahl poliert', 0, 'polished steel', '', '');
INSERT INTO `oxobject2attribute` VALUES ('8a142c3f0ec85dd05.40730849', '1672', '8a142c3f0e2cf1a34.78041155', 'Kunststoff', 0, 'plastic', '', '');
INSERT INTO `oxobject2attribute` VALUES ('8a142c3f0ec868691.52087408', '1951', '8a142c3f0e2cf1a34.78041155', 'Glas', 0, 'Glas', '', '');
INSERT INTO `oxobject2attribute` VALUES ('8a142c3f0ec8feb39.36965590', '2000', '8a142c3f0e2cf1a34.78041155', 'Glas', 0, 'Glas', '', '');
INSERT INTO `oxobject2attribute` VALUES ('8a142c3f108bf3fd2.63605568', '1771', '8a142c3f0fdb08972.22223006', 'Silber/Schwarz', 0, 'Silver/Black', '', '');
INSERT INTO `oxobject2attribute` VALUES ('8a142c3f108c04441.47766572', '1354', '8a142c3f0fdb08972.22223006', 'silber', 0, 'silver', '', '');
INSERT INTO `oxobject2attribute` VALUES ('8a142c3f108c11931.94573917', '1672', '8a142c3f0fdb08972.22223006', 'Silber', 0, 'Silver', '', '');
INSERT INTO `oxobject2attribute` VALUES ('8a142c3f108ca9c20.04110659', '1951', '8a142c3f0fdb08972.22223006', 'Abbildung', 0, 'see picture', '', '');
INSERT INTO `oxobject2attribute` VALUES ('8a142c3f108cef349.65903283', '2000', '8a142c3f0fdb08972.22223006', 'Rot', 0, 'Red', '', '');
INSERT INTO `oxobject2attribute` VALUES ('8a142c3f1aa822c72.38290888', '1771', '8a142c3f14ef22a14.79693851', 'Büro', 0, 'Office', '', '');
INSERT INTO `oxobject2attribute` VALUES ('8a142c3f1aa8353c1.59930732', '1354', '8a142c3f14ef22a14.79693851', 'Büro, Home', 0, 'Office, home', '', '');
INSERT INTO `oxobject2attribute` VALUES ('8a142c3f1aa83f560.02678287', '1672', '8a142c3f14ef22a14.79693851', 'Wohnzimmer', 0, 'Living room', '', '');
INSERT INTO `oxobject2attribute` VALUES ('8a142c3f1aa848f03.11137616', '1951', '8a142c3f14ef22a14.79693851', 'Home', 0, 'Home', '', '');
INSERT INTO `oxobject2attribute` VALUES ('8a142c3f1aa88ab66.37411341', '2000', '8a142c3f14ef22a14.79693851', 'Wohnzimmer', 0, 'Living room', '', '');
INSERT INTO `oxobject2attribute` VALUES ('8a142c3fbad372cd7.91952738', '2080', '8a142c3fb2344b7e6.08706912', 'Vielseitig einsetzbar', 0, '', '', '');
INSERT INTO `oxobject2attribute` VALUES ('d8842e3cb3567e562.26057815', 'd8842e3cb356356f4.93820547', '8a142c3f0a792c0c3.93013584', 'Wanduhr', 9999, 'Wall clock', '', '');
INSERT INTO `oxobject2attribute` VALUES ('8a142c3fbad3d8fb1.67233936', '1142', '8a142c3fb2344b7e6.08706912', 'Bier', 0, '', '', '');
INSERT INTO `oxobject2attribute` VALUES ('8a142c3fbad3e4d33.27220828', '1906', '8a142c3fb2344b7e6.08706912', 'Wein', 0, '', '', '');
INSERT INTO `oxobject2attribute` VALUES ('d8842e3cb35681eb1.55581384', 'd8842e3cb356356f4.93820547', '8a142c3f0e2cf1a34.78041155', 'Kunststoff', 9999, 'plastic', '', '');
INSERT INTO `oxobject2attribute` VALUES ('d8842e3b7d4e72977.23671537', '1127', 'd8842e3b7c5e108c1.63072778', 'Kunsstoff, LED mit Mini-Batterie', 0, '', '', '');
INSERT INTO `oxobject2attribute` VALUES ('d8842e3b7d4e7acb1.34583879', '1351', 'd8842e3b7c5e108c1.63072778', 'Granit', 0, '', '', '');
INSERT INTO `oxobject2attribute` VALUES ('d8842e3cb356854d5.98403201', 'd8842e3cb356356f4.93820547', '8a142c3f14ef22a14.79693851', 'Home,Büro', 9999, 'Home,Office', '', '');
INSERT INTO `oxobject2attribute` VALUES ('8a142c3fd986a0003.92771543', '1142', '8a142c3fd8f69f6d0.34274236', 'Originell', 0, '', '', '');
INSERT INTO `oxobject2attribute` VALUES ('8a142c3fd986abcb4.31354108', '1906', '8a142c3fd8f69f6d0.34274236', 'Originell', 0, '', '', '');
INSERT INTO `oxobject2attribute` VALUES ('8a142c3fd986bfab3.13382583', '1431', '8a142c3fd8f69f6d0.34274236', 'romantisch', 0, '', '', '');
INSERT INTO `oxobject2attribute` VALUES ('8a142c3fd986cd448.22057721', '1127', '8a142c3fd8f69f6d0.34274236', 'Trendig', 0, '', '', '');
INSERT INTO `oxobject2attribute` VALUES ('8a142c3fd987b4a62.74940302', '1351', '8a142c3fd8f69f6d0.34274236', 'Naturbelassen', 0, '', '', '');
INSERT INTO `oxobject2attribute` VALUES ('d8842e3cb35683ae4.14639307', 'd8842e3cb356356f4.93820547', '8a142c3f0fdb08972.22223006', 'Grün/Silber', 9999, 'Green/Silver', '', '');
INSERT INTO `oxobject2attribute` VALUES ('d8842e3b7d4e7fde9.04464303', '1431', 'd8842e3b7c5e108c1.63072778', 'Kunsstoff mit Gel-Füllung (lebensmittelecht)', 0, '', '', '');
INSERT INTO `oxobject2attribute` VALUES ('8a142c3fd987d9ef7.68545233', '2080', '8a142c3fd8f69f6d0.34274236', 'Modern', 0, '', '', '');
INSERT INTO `oxobject2attribute` VALUES ('d8842e3cb3567c010.42997902', 'd8842e3cb356356f4.93820547', '8a142c3ee0edb75d4.80743302', 'Zeiger', 9999, 'hand', '', '');
INSERT INTO `oxobject2attribute` VALUES ('d8842e3cb35675756.41352910', 'd8842e3cb356356f4.93820547', '8a142c3e9cd961518.80299776', 'Futuristisch', 9999, 'futuristic', '', '');
INSERT INTO `oxobject2attribute` VALUES ('d8842e3b541cfaee2.08718010', '85b42c94a32b3fdd2.66642220', 'd8842e3b51c3342c8.87563759', '', 0, '', '', '');

#
# Data for table `oxobject2category`
#

INSERT INTO `oxobject2category` VALUES ('8a142c3e4f40b3a28.96765934', '5064', '8a142c3e4d3253c95.46563530', 0, 1120134448);
INSERT INTO `oxobject2category` VALUES ('d8842e3cbf92c5f31.02117537', 'd8842e3cbf9290351.59301740', '8a142c3e4143562a5.46426637', 0, 0);
INSERT INTO `oxobject2category` VALUES ('8a142c3e510b4fc58.40481525', '5065', '8a142c3e4d3253c95.46563530', 0, 1120134477);
INSERT INTO `oxobject2category` VALUES ('8a142c3e54dd0e3b8.97786220', '5067', '8a142c3e4d3253c95.46563530', 0, 1120134538);
INSERT INTO `oxobject2category` VALUES ('8a142c3e59320f9f5.79152846', '5074', '8a142c3e4d3253c95.46563530', 0, 1120134608);
INSERT INTO `oxobject2category` VALUES ('8a142c3e6137e65c1.83634529', '2000', '8a142c3e60a535f16.78077188', 0, 1120134736);
INSERT INTO `oxobject2category` VALUES ('8a142c3e618c948d9.43546214', '1354', '8a142c3e60a535f16.78077188', 0, 1120134741);
INSERT INTO `oxobject2category` VALUES ('8a142c3e634353580.92595137', '1951', '8a142c3e60a535f16.78077188', 0, 1120134769);
INSERT INTO `oxobject2category` VALUES ('8a142c3e638d02c75.45593578', '1771', '8a142c3e60a535f16.78077188', 0, 1120134773);
INSERT INTO `oxobject2category` VALUES ('8a142c3e6406bb8f5.37802213', '1672', '8a142c3e60a535f16.78077188', 0, 1120134781);
INSERT INTO `oxobject2category` VALUES ('d8842e3cbb8b03c15.11973370', 'd8842e3cbb8ac9238.37666205', '8a142c3e4143562a5.46426637', 0, 0);
INSERT INTO `oxobject2category` VALUES ('8a142c3e6dc7254e8.87874120', '2080', '8a142c3e49b5a80c1.23676990', 0, 1120134937);
INSERT INTO `oxobject2category` VALUES ('8a142c3e6e042e199.04794163', '1126', '8a142c3e49b5a80c1.23676990', 0, 1120134941);
INSERT INTO `oxobject2category` VALUES ('8a142c3e6e6be0699.35126678', '1131', '8a142c3e49b5a80c1.23676990', 0, 1120134947);
INSERT INTO `oxobject2category` VALUES ('8a142c3e6eb011be4.32196299', '1142', '8a142c3e49b5a80c1.23676990', 0, 1120134951);
INSERT INTO `oxobject2category` VALUES ('8a142c3e6f67c16d8.08466274', '2036', '8a142c3e49b5a80c1.23676990', 0, 1120134963);
INSERT INTO `oxobject2category` VALUES ('8a142c3e707017175.43444505', '1431', '8a142c3e49b5a80c1.23676990', 0, 1120134979);
INSERT INTO `oxobject2category` VALUES ('8a142c3e70d9c0039.34241571', '1477', '8a142c3e49b5a80c1.23676990', 0, 1120134986);
INSERT INTO `oxobject2category` VALUES ('8a142c3e7118a2955.88564701', '1906', '8a142c3e49b5a80c1.23676990', 0, 1120134990);
INSERT INTO `oxobject2category` VALUES ('8a142c3e71750c542.26089962', '1351', '8a142c3e49b5a80c1.23676990', 0, 1120134996);
INSERT INTO `oxobject2category` VALUES ('8a142c3e71b6fb3f6.40220233', '1849', '8a142c3e49b5a80c1.23676990', 0, 1120135000);
INSERT INTO `oxobject2category` VALUES ('8a142c3e7434f0933.10936428', '1127', '8a142c3e49b5a80c1.23676990', 0, 1120135040);
INSERT INTO `oxobject2category` VALUES ('8a142c3e7a1dbc423.13378854', '1964', '8a142c3e4143562a5.46426637', 0, 1120135134);
INSERT INTO `oxobject2category` VALUES ('8a142c3e7aa3065c2.48086553', '2025', '8a142c3e4143562a5.46426637', 0, 1120135143);
INSERT INTO `oxobject2category` VALUES ('8a142c3e7b36eece1.24875909', '2024', '8a142c3e4143562a5.46426637', 0, 1120135152);
INSERT INTO `oxobject2category` VALUES ('8a142c3e7b8176658.27900856', '1940', '8a142c3e4143562a5.46426637', 0, 1120135157);
INSERT INTO `oxobject2category` VALUES ('8a142c3e7c2424325.54593359', '1952', '8a142c3e4143562a5.46426637', 0, 1120135167);
INSERT INTO `oxobject2category` VALUES ('d8842e3cb35667ee6.32254141', 'd8842e3cb356356f4.93820547', '8a142c3e60a535f16.78077188', 0, 0);
INSERT INTO `oxobject2category` VALUES ('8a142c3e7c2490330.15040376', '1651', '8a142c3e4143562a5.46426637', 0, 1120135167);
INSERT INTO `oxobject2category` VALUES ('8a142c3e7cf9c3e53.72528191', '2077', '8a142c3e44ea4e714.31136811', 0, 1120135180);
INSERT INTO `oxobject2category` VALUES ('9f542c5313b674702.13621472', '1127', '8a142c3e4143562a5.46426637', 0, 1120219512);
INSERT INTO `oxobject2category` VALUES ('9f542c531b69c5fb7.41136034', '1126', '8a142c3e4143562a5.46426637', 0, 1120219635);
INSERT INTO `oxobject2category` VALUES ('9f542c531b69db5b6.41220122', '1131', '8a142c3e4143562a5.46426637', 0, 1120219635);
INSERT INTO `oxobject2category` VALUES ('9f542c531b69f8d13.27648461', '1142', '8a142c3e4143562a5.46426637', 0, 1120219635);
INSERT INTO `oxobject2category` VALUES ('9f542c531b6a8fb54.52994665', '1351', '8a142c3e4143562a5.46426637', 0, 1120219635);
INSERT INTO `oxobject2category` VALUES ('9f542c531b6ae09c1.88013745', '1431', '8a142c3e4143562a5.46426637', 0, 1120219635);
INSERT INTO `oxobject2category` VALUES ('9f542c531b6af7747.75509264', '1477', '8a142c3e4143562a5.46426637', 0, 1120219635);
INSERT INTO `oxobject2category` VALUES ('d8842e3cb3566ea71.65166212', 'd8842e3cb356356f4.93820547', '8a142c3e4143562a5.46426637', 0, 0);
INSERT INTO `oxobject2category` VALUES ('9f542c531b6b2ce14.96772666', '1849', '8a142c3e4143562a5.46426637', 0, 1120219635);
INSERT INTO `oxobject2category` VALUES ('9f542c531b6bd38e5.06283700', '1906', '8a142c3e4143562a5.46426637', 0, 1120219635);
INSERT INTO `oxobject2category` VALUES ('9f542c531b6c25300.63545620', '2036', '8a142c3e4143562a5.46426637', 0, 1120219635);
INSERT INTO `oxobject2category` VALUES ('9f542c531b6c38e26.32759227', '2080', '8a142c3e4143562a5.46426637', 0, 1120219635);
INSERT INTO `oxobject2category` VALUES ('9f542c531c140d8e7.40170462', '5064', '8a142c3e4143562a5.46426637', 0, 1120219646);
INSERT INTO `oxobject2category` VALUES ('9f542c531c1422e42.60143544', '5065', '8a142c3e4143562a5.46426637', 0, 1120219646);
INSERT INTO `oxobject2category` VALUES ('d8842e3cbf92c0d18.77500710', 'd8842e3cbf9290351.59301740', '8a142c3e49b5a80c1.23676990', 0, 0);
INSERT INTO `oxobject2category` VALUES ('9f542c531c148ad41.11555048', '5067', '8a142c3e4143562a5.46426637', 0, 1120219646);
INSERT INTO `oxobject2category` VALUES ('9f542c531c14a6cf3.51991794', '5074', '8a142c3e4143562a5.46426637', 0, 1120219646);
INSERT INTO `oxobject2category` VALUES ('9f542c531ca222b69.50670462', '2077', '8a142c3e4143562a5.46426637', 0, 1120219655);
INSERT INTO `oxobject2category` VALUES ('9f542c531d2d54730.05794894', '1354', '8a142c3e4143562a5.46426637', 0, 1120219663);
INSERT INTO `oxobject2category` VALUES ('9f542c531d2d6a6e2.62894013', '1672', '8a142c3e4143562a5.46426637', 0, 1120219663);
INSERT INTO `oxobject2category` VALUES ('9f542c531d2d7cc82.47710877', '1771', '8a142c3e4143562a5.46426637', 0, 1120219663);
INSERT INTO `oxobject2category` VALUES ('9f542c531d2d9c243.03134331', '1951', '8a142c3e4143562a5.46426637', 0, 1120219663);
INSERT INTO `oxobject2category` VALUES ('9f542c531d2de4ee7.35016111', '2000', '8a142c3e4143562a5.46426637', 0, 1120219663);
INSERT INTO `oxobject2category` VALUES ('d8842e3cbb8afcae1.04221300', 'd8842e3cbb8ac9238.37666205', '8a142c3e4d3253c95.46563530', 0, 0);
INSERT INTO `oxobject2category` VALUES ('85b42c9400f1e2d45.20640222', '1940', '8a142c3e44ea4e714.31136811', 0, 1120485513);
INSERT INTO `oxobject2category` VALUES ('85b42c94400af0c67.11690419', '85b42c94400aab026.83257531', '8a142c3e44ea4e714.31136811', 0, 0);
INSERT INTO `oxobject2category` VALUES ('85b42c94a32b7c7a0.78157041', '85b42c94a32b3fdd2.66642220', '8a142c3e44ea4e714.31136811', 0, 0);
INSERT INTO `oxobject2category` VALUES ('be642cada231c51b6.67896960', 'be642cad637adf214.28850610', '8a142c3e4143562a5.46426637', 0, 1120590371);
INSERT INTO `oxobject2category` VALUES ('be642cadac2561a74.79582788', 'be642cada8422f150.29332483', '8a142c3e4143562a5.46426637', 0, 1120590530);
INSERT INTO `oxobject2category` VALUES ('d8842e3badeecd957.54415547', '1651', '8a142c3e49b5a80c1.23676990', 0, 1122220766);

#
# Data for table `oxobject2delivery`
#

INSERT INTO `oxobject2delivery` VALUES ('1b842e73492c49fc1.89449037', '1b842e73470578914.54719298', 'a7c40f631fc920687.20179984', 'oxcountry');
INSERT INTO `oxobject2delivery` VALUES ('1b842e73518675688.37164512', '1b842e734b62a4775.45738618', 'a7c40f631fc920687.20179984', 'oxcountry');
INSERT INTO `oxobject2delivery` VALUES ('1b842e7365236d723.56675119', '1b842e7352422a708.01472527', 'a7c40f6320aeb2ec2.72885259', 'oxcountry');
INSERT INTO `oxobject2delivery` VALUES ('1b842e73652371be0.05571694', '1b842e7352422a708.01472527', 'a7c40f6321c6f6109.43859248', 'oxcountry');
INSERT INTO `oxobject2delivery` VALUES ('1b842e738a57b13d8.84689294', '1b842e738970d31e3.71258328', 'a7c40f631fc920687.20179984', 'oxcountry');
INSERT INTO `oxobject2delivery` VALUES ('1b842e738a57b53e5.95343864', '1b842e738970d31e3.71258328', 'a7c40f6320aeb2ec2.72885259', 'oxcountry');
INSERT INTO `oxobject2delivery` VALUES ('1b842e738a57b88d2.91633326', '1b842e738970d31e3.71258328', 'a7c40f6321c6f6109.43859248', 'oxcountry');
INSERT INTO `oxobject2delivery` VALUES ('1b842e738a57b13d8.84689291', '1b842e738970d31e3.71258327', 'a7c40f631fc920687.20179984', 'oxcountry');
INSERT INTO `oxobject2delivery` VALUES ('1b842e738a57b53e5.95343861', '1b842e738970d31e3.71258327', 'a7c40f6320aeb2ec2.72885259', 'oxcountry');
INSERT INTO `oxobject2delivery` VALUES ('1b842e738a57b88d2.91633321', '1b842e738970d31e3.71258327', 'a7c40f6321c6f6109.43859248', 'oxcountry');
INSERT INTO `oxobject2delivery` VALUES ('1b842e738b67c10d2.46463031', '1b842e732a23255b1.91207750', 'a7c40f631fc920687.20179984', 'oxdelset');
INSERT INTO `oxobject2delivery` VALUES ('1b842e738b67c6567.02889856', '1b842e732a23255b1.91207750', 'a7c40f6320aeb2ec2.72885259', 'oxdelset');
INSERT INTO `oxobject2delivery` VALUES ('1b842e738b67c99e7.94996181', '1b842e732a23255b1.91207750', 'a7c40f6321c6f6109.43859248', 'oxdelset');
INSERT INTO `oxobject2delivery` VALUES ('1b842e738b67c10d2.46463032', '1b842e732a23255b1.91207751', 'a7c40f631fc920687.20179984', 'oxdelset');
INSERT INTO `oxobject2delivery` VALUES ('1b842e738b67c6567.02889852', '1b842e732a23255b1.91207751', 'a7c40f6320aeb2ec2.72885259', 'oxdelset');
INSERT INTO `oxobject2delivery` VALUES ('1b842e738b67c99e7.94996182', '1b842e732a23255b1.91207751', 'a7c40f6321c6f6109.43859248', 'oxdelset');
INSERT INTO `oxobject2delivery` VALUES ('1b842e7379e4a8fe8.52771023', 'oxidstandard', 'a7c40f6320aeb2ec2.72885259', 'oxdelset');
INSERT INTO `oxobject2delivery` VALUES ('1b842e7379e4ad6b4.73750214', 'oxidstandard', 'a7c40f6321c6f6109.43859248', 'oxdelset');
INSERT INTO `oxobject2delivery` VALUES ('b0e42247b75236c85.30800643', 'oxidstandard', 'a7c40f631fc920687.20179984', 'oxdelset');

#
# Data for table `oxwrapping`
#

INSERT INTO `oxwrapping` VALUES ('a6840cc0ec80b3991.74884864', 'oxbaseshop', '1', '1', '1', '1', 'WRAP', 'Rote Sterne', 'Red stars', '', '', 'img_geschenkpapier_1_wp.gif', 2.95);
INSERT INTO `oxwrapping` VALUES ('81b40cf076351c229.14252649', 'oxbaseshop', '1', '1', '1', '1', 'CARD', 'Die Bombe', 'The bomb', '', '', 'desaster_wp.gif', 2.5);
INSERT INTO `oxwrapping` VALUES ('81b40cf0cd383d3a9.70988998', 'oxbaseshop', '1', '1', '1', '1', 'CARD', 'Haifisch', 'Shark', '', '', 'img_ecard_03_wp.jpg', 3);
INSERT INTO `oxwrapping` VALUES ('81b40cf210343d625.49755120', 'oxbaseshop', '1', '1', '1', '1', 'WRAP', 'Gelbe Sterne', 'Yellow stars', '', '', 'img_geschenkpapier_1_gelb_wp.gif', 2.95);

#
# Data for table `oxdeliveryset`
#

INSERT INTO `oxdeliveryset` VALUES ('1b842e732a23255b1.91207750', 'oxbaseshop', '1', '0000-00-00 00:00:00', '0000-00-00 00:00:00', 'Beispiel Set1: UPS 48 Std.', 'Example Set1: UPS 48 hours', '', '', 30);
INSERT INTO `oxdeliveryset` VALUES ('1b842e732a23255b1.91207751', 'oxbaseshop', '1', '0000-00-00 00:00:00', '0000-00-00 00:00:00', 'Beispiel Set1: UPS 24 Std. Express', 'Example Set1: UPS Express 24 hours', '', '', 30);

#
# Data for table `oxdel2delset`
#

INSERT INTO `oxdel2delset` VALUES ('1b842e736771236b3.36345789', '1b842e73470578914.54719298', 'oxidstandard');
INSERT INTO `oxdel2delset` VALUES ('1b842e73744017f78.74526146', '1b842e734b62a4775.45738618', 'oxidstandard');
INSERT INTO `oxdel2delset` VALUES ('1b842e738aec52cd0.76136365', '1b842e738970d31e3.71258327', '1b842e732a23255b1.91207750');
INSERT INTO `oxdel2delset` VALUES ('1b842e738aec52cd0.76136364', '1b842e738970d31e3.71258328', '1b842e732a23255b1.91207751');
INSERT INTO `oxdel2delset` VALUES ('1b842e7377e12ba11.73796406', '1b842e7352422a708.01472527', 'oxidstandard');

#
# Data for table `oxobject2delivery`
#

INSERT INTO `oxobject2delivery` VALUES ('b0e42247b8d71f086.77687951', 'f324215af31591936.94392085', 'a7c40f631fc920687.20179984', 'oxdelset');
INSERT INTO `oxobject2delivery` VALUES ('b0e42247b8d74bcc1.13991977', 'f324215af31591936.94392085', 'a7c40f6320aeb2ec2.72885259', 'oxdelset');
INSERT INTO `oxobject2delivery` VALUES ('b0e42247b8d762574.83891789', 'f324215af31591936.94392085', 'a7c40f6321c6f6109.43859248', 'oxdelset');

#
# Data for table `oxobject2payment`
#

INSERT INTO `oxobject2payment` VALUES ('92d4214bf673df592.85542338', 'oxidpayadvance', 'a434214960877b879.20979568', 'oxdelset');
INSERT INTO `oxobject2payment` VALUES ('1b842e7375676dd84.15824521', 'oxidinvoice', 'oxidstandard', 'oxdelset');
INSERT INTO `oxobject2payment` VALUES ('1b842e737567681b7.32408586', 'oxidpayadvance', 'oxidstandard', 'oxdelset');
INSERT INTO `oxobject2payment` VALUES ('1b842e73756761653.33874589', 'oxiddebitnote', 'oxidstandard', 'oxdelset');
INSERT INTO `oxobject2payment` VALUES ('1b842e7375675b807.24061946', 'oxidcreditcard', 'oxidstandard', 'oxdelset');
INSERT INTO `oxobject2payment` VALUES ('f324215af5c89b870.26091752', 'oxidcreditcard', 'f324215af31591936.94392085', 'oxdelset');
INSERT INTO `oxobject2payment` VALUES ('f324215af5c8be899.90598822', 'oxiddebitnote', 'f324215af31591936.94392085', 'oxdelset');
INSERT INTO `oxobject2payment` VALUES ('1b842e737567541b1.16932982', 'oxidcashondel', 'oxidstandard', 'oxdelset');
INSERT INTO `oxobject2payment` VALUES ('0f941664de07fe713.78180932', 'oxiddebitnote', 'a7c40f631fc920687.20179984', 'oxcountry');
INSERT INTO `oxobject2payment` VALUES ('0f941664de081d815.03693723', 'oxiddebitnote', 'a7c40f6320aeb2ec2.72885259', 'oxcountry');
INSERT INTO `oxobject2payment` VALUES ('0f941664de082a1b0.85265324', 'oxiddebitnote', 'a7c40f6321c6f6109.43859248', 'oxcountry');
INSERT INTO `oxobject2payment` VALUES ('0f941664e70744a73.85113769', 'oxidcreditcard', 'a7c40f631fc920687.20179984', 'oxcountry');
INSERT INTO `oxobject2payment` VALUES ('0f941664e70758467.23169947', 'oxidcreditcard', 'a7c40f6320aeb2ec2.72885259', 'oxcountry');
INSERT INTO `oxobject2payment` VALUES ('0f941664e707657e4.30674465', 'oxidcreditcard', 'a7c40f6321c6f6109.43859248', 'oxcountry');
INSERT INTO `oxobject2payment` VALUES ('0f941664e9e60f698.58333517', 'oxidcashondel', 'a7c40f631fc920687.20179984', 'oxcountry');
INSERT INTO `oxobject2payment` VALUES ('0f941664ee2448a22.44967166', 'oxidinvoice', 'a7c40f631fc920687.20179984', 'oxcountry');
INSERT INTO `oxobject2payment` VALUES ('0f941664ee245e458.07911799', 'oxidinvoice', 'a7c40f6320aeb2ec2.72885259', 'oxcountry');
INSERT INTO `oxobject2payment` VALUES ('0f941664ee246ac84.39868591', 'oxidinvoice', 'a7c40f6321c6f6109.43859248', 'oxcountry');
INSERT INTO `oxobject2payment` VALUES ('0f941664efa30a021.06837665', 'oxidpayadvance', 'a7c40f631fc920687.20179984', 'oxcountry');
INSERT INTO `oxobject2payment` VALUES ('0f941664efa320ca8.35650805', 'oxidpayadvance', 'a7c40f6320aeb2ec2.72885259', 'oxcountry');
INSERT INTO `oxobject2payment` VALUES ('0f941664efa32d4e5.28625433', 'oxidpayadvance', 'a7c40f6321c6f6109.43859248', 'oxcountry');
INSERT INTO `oxobject2payment` VALUES ('1b842e738b3f1ca46.72529947', 'oxidcreditcard', '1b842e732a23255b1.91207750', 'oxdelset');
INSERT INTO `oxobject2payment` VALUES ('1b842e738b3f1ca46.72529948', 'oxidcreditcard', '1b842e732a23255b1.91207751', 'oxdelset');

#
# Data for table `oxnewsletter`
#

INSERT INTO `oxnewsletter` VALUES ('oxidnewsletter', 'oxbaseshop', 'Beispiel Newsletter', '<!DOCTYPE HTML PUBLIC "-//W3C//DTD HTML 4.01 Transitional//EN">\r\n<html>\r\n<head>\r\n<title>OXID eSales Newsletter</title>\r\n<style media="screen" type="text/css"><!--\r\nA        {\r\n        font-size: 9pt;\r\n        text-decoration: none;\r\n        color: black;\r\n        }\r\nA:Hover     {\r\n        text-decoration: underline;\r\n        color: #AB0101;\r\n        }\r\nbody    {\r\n    margin-bottom : 0;\r\n    margin-left : 0;\r\n    margin-right : 0;\r\n    margin-top : 0;\r\n    background-color: #FFFFFF;\r\n}\r\n.pagehead {\r\n font-family: Verdana, Geneva, Arial, Helvetica, sans-serif;\r\n font-size: 10px;\r\n    color: #000000;\r\n font-weight: normal;\r\n    background-color: #494949;\r\n  height : 50;\r\n    vertical-align : bottom;\r\n}\r\n.pageheadlink {\r\n    font-family: Verdana, Geneva, Arial, Helvetica, sans-serif;\r\n font-size: 11px;\r\n    color: #F7F7F7;\r\n font-weight: normal;\r\n}\r\n.pagebottom {\r\n        font-family: Verdana, Geneva, Arial, Helvetica, sans-serif;\r\n        font-size: 9px;\r\n        color: #000000;\r\n        font-weight: normal;\r\n     height : 13;\r\n        vertical-align : top;\r\n}\r\n.defaultcontent {\r\n        font-family: Verdana, Geneva, Arial, Helvetica, sans-serif;\r\n        font-size: 10px;\r\n        color: #000000;\r\n        font-weight: normal;\r\n       vertical-align : top;\r\n}\r\n.detailcontent {\r\n        font-family: Verdana, Geneva, Arial, Helvetica, sans-serif;\r\n        font-size: 10px;\r\n        color: #000000;\r\n        font-weight: normal;\r\n        vertical-align : top;\r\n       padding-left: 10px;\r\n}\r\n.detailproductlink {\r\n        font-family: Verdana, Geneva, Arial, Helvetica, sans-serif;\r\n        font-size: 9px;\r\n        color: #9D0101;\r\n        font-weight: bold;\r\n}\r\n.detailheader {\r\n        font-family: Verdana, Geneva, Arial, Helvetica, sans-serif;\r\n        font-size: 11px;\r\n        color: #9D0101;\r\n        font-weight: bold;\r\n}\r\n.detailsales {\r\n        font-family: Verdana, Geneva, Arial, Helvetica, sans-serif;\r\n        font-size: 10px;\r\n        color: #000000;\r\n        font-weight: bold;\r\n      background-color: #CECDCD;\r\n}\r\n.aktionhead {\r\n        font-family: Verdana, Geneva, Arial, Helvetica, sans-serif;\r\n        font-size: 10px;\r\n        color: #FFFFFF;\r\n        font-weight: bold;\r\n        background-color: #767575;\r\n}\r\n.aktionmain {\r\n        font-family: Verdana, Geneva, Arial, Helvetica, sans-serif;\r\n        font-size: 10px;\r\n        color: #000000;\r\n        font-weight: normal;\r\n      border : 3px #767575;\r\n       border-style : none solid solid solid;\r\n      padding-left : 2px;\r\n     padding-top : 5px;\r\n      padding-bottom : 5px;\r\n       padding-right : 2px;\r\n}\r\n.aktion {\r\n        font-family: Verdana, Geneva, Arial, Helvetica, sans-serif;\r\n        font-size: 10px;\r\n        color: #000000;\r\n        font-weight: normal;\r\n}\r\n.aktionhighlight {\r\n        font-family: Verdana, Geneva, Arial, Helvetica, sans-serif;\r\n        font-size: 10px;\r\n        color: #AB0101;\r\n        font-weight: bold;\r\n}\r\n.startpageFirstProductTitle {\r\n        font-family: Verdana, Geneva, Arial, Helvetica, sans-serif;\r\n        font-size: 12px;\r\n        color: #AB0101;\r\n        font-weight: bold;\r\n}\r\n.startpageFirstProductText {\r\n        font-family: Verdana, Geneva, Arial, Helvetica, sans-serif;\r\n        font-size: 10px;\r\n        color: #242424;\r\n        font-weight: normal;\r\n}\r\n.startpageFirstProductPrice {\r\n        font-family: Verdana, Geneva, Arial, Helvetica, sans-serif;\r\n        font-size: 17px;\r\n        color: #AB0101;\r\n        font-weight: bold;\r\n}\r\n.startpageFirstProductOldPrice {\r\n font-family: Verdana, Geneva, Arial, Helvetica, sans-serif;\r\n font-size: 17px;\r\n    color: #AB0101;\r\n font-weight: bold;\r\n  text-decoration : line-through;\r\n}\r\n.startpageProductTitle {\r\n        font-family: Verdana, Geneva, Arial, Helvetica, sans-serif;\r\n        font-size: 12px;\r\n        color: #242424;\r\n        font-weight: bold;\r\n}\r\n.startpageProductText {\r\n        font-family: Verdana, Geneva, Arial, Helvetica, sans-serif;\r\n        font-size: 10px;\r\n        color: #AB0101;\r\n        font-weight: normal;\r\n}\r\n.startpageBoxContent {\r\n   font-family: Verdana, Geneva, Arial, Helvetica, sans-serif;\r\n font-size: 10px;\r\n    color: #000000;\r\n font-weight: normal;\r\n    border : 3px #CECDCD;\r\n   border-style : none solid solid solid;\r\n  padding-left : 5px;\r\n padding-top : 5px;\r\n  padding-bottom : 5px;\r\n   padding-right : 5px;\r\n}\r\n.startpageBoxHead {\r\n        font-family: Verdana, Geneva, Arial, Helvetica, sans-serif;\r\n        font-size: 10px;\r\n        color: #000000;\r\n        font-weight: bold;\r\n        background-color: #CECDCD;\r\n}\r\n.newestProductHead {\r\n        font-family: Verdana, Geneva, Arial, Helvetica, sans-serif;\r\n        font-size: 10px;\r\n        color: #8D0101;\r\n        font-weight: bold;\r\n}\r\n.newestProduct {\r\n        font-family: Verdana, Geneva, Arial, Helvetica, sans-serif;\r\n        font-size: 10px;\r\n        color: #000000;\r\n        font-weight: normal;\r\n}\r\n}\r\n--></style>\r\n</head>\r\n<body marginwidth="0" marginheight="0" leftmargin="0" topmargin="0">\r\n<table width="780" height="100%" cellspacing="0" cellpadding="0" border="0"><!-- Kopf Start --><tbody><tr><td class="pagehead">\r\n<table width="100%" cellspacing="0" cellpadding="0" border="0"><tbody><tr><td width="152" align="right" class="pagehead"> <a class="pageheadlink" href="[{$oViewConf->getBaseDir()}]"><img border="0" alt="" src="[{$oViewConf->getImageUrl()}]/logo.png"></a> </td></tr></tbody></table></td></tr><tr><td height="15"> <br>\r\n</td></tr><!-- Kopf Ende --> <!-- Content Start --><tr><td valign="top">\r\n<table width="100%" height="100%" cellspacing="0" cellpadding="0" border="0"><tbody><tr><td class="defaultcontent">\r\nHallo [{ $myuser->oxuser__oxsal->value }] [{ $myuser->oxuser__oxfname->value }] [{ $myuser->oxuser__oxlname->value }],<br>\r\n<br>\r\nwie Sie sehen können funktioniert unser Newsletter Modul richtig gut.<br>\r\n<br>\r\nNicht nur, das wir hier Ihre Adresse ausgeben können :<br>\r\n [{ $myuser->oxuser__oxaddinfo->value }]<br>\r\n[{ $myuser->oxuser__oxstreet->value }]<br>\r\n[{ $myuser->oxuser__oxzip->value }] [{ $myuser->oxuser__oxcity->value }]<br>\r\n[{ $myuser->oxuser__oxcountry->value }]<br>\r\nTelefon: [{ $myuser->oxuser__oxfon->value }]<br>\r\n<br>\r\nsondern wir können noch viel mehr !<br>\r\n<br>\r\nSie wollen diesen Newsletter nicht mehr erhalten ? Kein Problem - klicken Sie einfach <a class="defaultcontent" href="[{$oViewConf->getBaseDir()}]index.php?cl=newsletter&amp;fnc=removeme&amp;uid=[{$myuser->oxuser__oxid->value}]">hier</a>.\r\n<br>\r\n<br>\r\n [{if isset($simarticle0) }]\r\n     Ein Ähnlicher Artikel zu Ihrer letzten Bestellung :<br>\r\n\r\n<table cellspacing="0" cellpadding="0" border="0"><tbody><tr><td> <a href="[{$simarticle0->oxdetaillink}]" class="startpageProduct"><img vspace="0" hspace="0" border="0" alt="[{ $simarticle0->oxarticles__oxtitle->value }]" src="[{$oViewConf->getPictureDir()}][{$simarticle0->oxarticles__oxpic1->value }]"></a> </td><td width="10" valign="top" class="startpageFirstProductTitle">*</td><td width="320" valign="top" class="startpageFirstProductTitle"> [{ $simarticle0->oxarticles__oxtitle->value }]<br>\r\n <br>\r\n <span class="startpageFirstProductText">[{ $simarticle0->oxarticles__oxshortdesc->value }]</span><br>\r\n <br>\r\n <span class="startpageProductText"><strong>Statt <span class="startpageFirstProductOldPrice">[{ $simarticle0->ftprice}]</span> jetzt nur </strong></span><span class="startpageFirstProductPrice">[{ $simarticle0->fprice }] [{ $mycurrency->sign}]</span><br>\r\n <br>\r\n <a href="[{$simarticle0->oxdetaillink}]" class="startpageProductText"><strong>mehr Infos</strong></a><br>\r\n </td></tr></tbody></table> [{/if}] <br>\r\n<br>\r\n [{if isset($articlelist) }]\r\n     Ausgesuchte Artikel aus unserem Shop extra für diesen Newsletter : <br>\r\n\r\n<table cellspacing="0" cellpadding="0" border="0"><tbody><tr><td height="1" bgcolor="#cecdcd"><br>\r\n</td><td height="1" bgcolor="#cecdcd"><br>\r\n</td></tr><tr><td height="7"><br>\r\n</td><td><br>\r\n</td></tr>[{assign var="iPos" value=1}]\r\n       [{foreach from=$articlelist item=product}]\r\n     \r\n        [{if $iPos == 1}] <tr><td valign="top">\r\n<table cellspacing="0" cellpadding="0" border="0"><tbody><tr><td width="220" height="100" align="left" class="startpageProduct"> <a href="[{$product->oxdetaillink}]" class="startpageProduct"><img vspace="0" hspace="0" border="0" alt="[{ $product->oxarticles__oxtitle->value }]" src="[{$oViewConf->getPictureDir()}][{$product->oxarticles__oxthumb->value }]"></a> </td></tr><tr><td align="left" class="startpageProductTitle"> [{ $product->oxarticles__oxtitle->value }] </td></tr><tr><td height="20" align="left" class="startpageProductText"> <strong>Jetzt nur [{ $product->fprice }] [{ $mycurrency->sign}]</strong> </td></tr><tr><td height="20" align="left" class="startpageProductText"> <a href="[{$product->oxdetaillink}]" class="startpageProductText">mehr Infos</a><br>\r\n </td></tr></tbody></table> </td>[{assign var="iPos" value=2}]\r\n       [{elseif $iPos==2}] <td valign="top">\r\n<table cellspacing="0" cellpadding="0" border="0"><tbody><tr><td width="220" height="100" align="left" class="startpageProduct"> <a href="[{$product->oxdetaillink}]" class="startpageProduct"><img vspace="0" hspace="0" border="0" alt="[{ $product->oxarticles__oxtitle->value }]" src="[{$oViewConf->getPictureDir()}][{$product->oxarticles__oxthumb->value }]"></a> </td></tr><tr><td align="left" class="startpageProductTitle"> [{ $product->oxarticles__oxtitle->value }] </td></tr><tr><td height="20" align="left" class="startpageProductText"> <strong>Jetzt nur [{ $product->fprice }] [{ $mycurrency->sign}]</strong> </td></tr><tr><td height="20" align="left" class="startpageProductText"> <a href="[{$product->oxdetaillink}]" class="startpageProductText">mehr Infos</a><br>\r\n </td></tr></tbody></table> </td></tr><tr><td height="7"><br>\r\n</td><td><br>\r\n</td></tr><tr><td height="1" bgcolor="#cecdcd"><br>\r\n</td><td height="1" bgcolor="#cecdcd"><br>\r\n</td></tr><tr><td height="7"><br>\r\n</td><td><br>\r\n</td></tr><!-- ende zeile --> [{assign var="iPos" value=1}]\r\n       [{/if}]\r\n     [{/foreach}] <!-- fehlende ausgleichen --> [{if $iPos == 1}] <tr><td><br>\r\n</td></tr>[{/if}] </tbody></table> [{/if}] <br>\r\n </td><td width="165" align="right" class="defaultcontent"> [{ if $simarticle1 }]\r\n     Auch das hier ist ein Ähnlicher Artikel zu Ihrer letzten Bestellung :<br>\r\n\r\n<table width="100%" cellspacing="0" cellpadding="0" border="0"><tbody><tr><td width="100%" height="15" align="center" class="aktionhead">Top Angebot der Woche</td></tr><tr><td class="aktionmain">\r\n<table cellspacing="0" cellpadding="0" border="0"><tbody><tr><td class="aktion"><a href="[{$simarticle1->oxdetaillink}]" class="aktion"><img vspace="0" hspace="0" border="0" alt="[{ $simarticle1->oxarticles__oxtitle->value }]" src="[{$oViewConf->getPictureDir()}][{$simarticle1->oxarticles__oxthumb->value }]"></a></td></tr><tr><td height="15" class="aktion">[{ $simarticle1->oxarticles__oxtitle->value }]</td><td class="aktion"><br>\r\n</td></tr><tr><td height="15" class="aktionhighlight"><strong>Jetzt nur [{ $simarticle1->fprice }] [{ $mycurrency->sign}] !!</strong></td></tr><tr><td height="25" class="aktion">\r\n<table cellspacing="0" cellpadding="0" border="0"><tbody><tr><td width="120" class="aktion"><a href="[{$simarticle1->oxdetaillink}]" class="aktion">mehr Infos</a></td></tr></tbody></table> </td></tr></tbody></table> </td></tr></tbody></table> [{ /if }] <br>\r\n <br>\r\n [{ if $simarticle2 }]\r\n       Und zuletzt nochmal ein Ähnlicher Artikel zu Ihrer letzten Bestellung :<br>\r\n\r\n<table width="100%" cellspacing="0" cellpadding="0" border="0"><tbody><tr><td width="165" height="15" align="center" class="aktionhead">Schnäppchen !</td></tr><tr><td valign="top" height="145" class="aktionmain"> Jetzt gibt es unseren Bestseller <a class="aktionhighlight" href="[{$simarticle2->oxdetaillink}]">[{ $simarticle2->oxarticles__oxtitle->value }]</a> in der günstigen Sonderausgabe exklusiv bei OXID !<br>\r\n Gleich <a class="aktionhighlight" href="[{$simarticle2->tobasketlink}]&am=1">bestellen</a> !<br>\r\n </td></tr></tbody></table> [{/if}] </td></tr></tbody></table> </td></tr><tr><td align="right" class="pagebottom">\r\n© 2005 OXID </td></tr></tbody></table>\r\n</body>\r\n</html>', 'OXID eSales Newsletter\r\n\r\nHallo, [{ $myuser->oxuser__oxsal->value }] [{ $myuser->oxuser__oxfname->value }] [{ $myuser->oxuser__oxlname->value }],\r\n\r\nwie Sie sehen können, funktioniert unser Newsletter-Modul richtig gut.\r\n\r\nNicht nur, dass wir hier Ihre Adresse ausgeben können:\r\n\r\n[{ $myuser->oxuser__oxaddinfo->value }]\r\n[{ $myuser->oxuser__oxstreet->value }]\r\n[{ $myuser->oxuser__oxzip->value }] [{ $myuser->oxuser__oxcity->value }]\r\n[{ $myuser->oxuser__oxcountry->value }]\r\nTelefon: [{ $myuser->oxuser__oxfon->value }]\r\n\r\nsondern wir können noch viel mehr!\r\n\r\nSie wollen diesen Newsletter nicht mehr erhalten? Kein Problem - klicken Sie einfach hier:\r\n[{$oViewConf->getBaseDir()}]index.php?cl=newsletter&fnc=removeme&uid=[{ $myuser->oxuser__oxid->value}]\r\n\r\n[{if isset($simarticle0) }]\r\n   Ein Ähnlicher Artikel zu Ihrer letzten Bestellung ist:\r\n \r\n    [{ $simarticle0->oxarticles__oxtitle->value }] \r\n Statt [{ $simarticle0->ftprice}] jetzt nur [{ $simarticle0->fprice }] [{ $mycurrency->name}]\r\n[{/if}]\r\n\r\n[{if isset($articlelist) }]\r\n  Ausgesuchte Artikel aus unserem Shop extra für diesen Newsletter: \r\n     [{foreach from=$articlelist item=product}]  \r\n        [{ $product->oxarticles__oxtitle->value }]   Jetzt nur [{ $product->fprice }] [{ $mycurrency->name}]\r\n    [{/foreach}] \r\n[{/if}]           \r\n     \r\n');

#
# Data for table `oxdelivery`
#

INSERT INTO `oxdelivery` VALUES ('1b842e734b62a4775.45738618', 'oxbaseshop', '1', '0000-00-00 00:00:00', '0000-00-00 00:00:00', 'Versandkosten für Standard: Versandkostenfrei ab 80,-', '', '', '', 'abs', '0', 'p', '80.00', '999999', '0', 1000, '1');
INSERT INTO `oxdelivery` VALUES ('1b842e73470578914.54719298', 'oxbaseshop', '1', '0000-00-00 00:00:00', '0000-00-00 00:00:00', 'Versandkosten für Standard: 3,90 Euro innerhalb Deutschland', '', '', '', 'abs', '3.9', 'p', '0', '79.99', '0', 2000, '1');
INSERT INTO `oxdelivery` VALUES ('1b842e7352422a708.01472527', 'oxbaseshop', '1', '0000-00-00 00:00:00', '0000-00-00 00:00:00', 'Versandkosten für Standard: 6,90 Rest EU', '', '', '', 'abs', '6.9', 'p', '0', '999999', '0', 3000, '1');
INSERT INTO `oxdelivery` VALUES ('1b842e738970d31e3.71258327', 'oxbaseshop', '1', '0000-00-00 00:00:00', '0000-00-00 00:00:00', 'Versandkosten für Beispiel Set1: UPS 48 Std.: 9,90.-', '', '', '', 'abs', '9.9', 'p', '0', '99999', '0', 4000, '1');
INSERT INTO `oxdelivery` VALUES ('1b842e738970d31e3.71258328', 'oxbaseshop', '1', '0000-00-00 00:00:00', '0000-00-00 00:00:00', 'Versandkosten für Beispiel Set2: UPS 24 Std. Express: 12,90.-', '', '', '', 'abs', '12.9', 'p', '0', '99999', '0', 5000, '1');

#
# Data for table `oxdiscount`
#

INSERT INTO `oxdiscount` VALUES ('9fc3e801d40332ae4.08296552', 'oxbaseshop', '0', '2003-03-29 00:00:00', '2003-03-30 00:00:00', '15% auf den gesamten Shop an einem Tag', '15% on all articles for one day', '', '', '0', '999999', '999999', '0', '%', '15', '', 0, 0);
INSERT INTO `oxdiscount` VALUES ('9fc3e801da9cdd0b2.74513077', 'oxbaseshop', '0', '0000-00-00 00:00:00', '0000-00-00 00:00:00', '10% ab 200 Euro Einkaufswert', '10% on 200 Euro or more', '', '', '0', '999999', '999999', '200', '%', '10', '', 0, 0);
INSERT INTO `oxdiscount` VALUES ('4e542e4e8dd127836.00288451', 'oxbaseshop', '1', '0000-00-00 00:00:00', '0000-00-00 00:00:00', 'Aktion Schnäppchen', 'Current Bargain', '', '', '1', '99999', '0', '0', '%', '10', '', 0, 0);

#
# Data for table `oxobject2discount`
#

INSERT INTO `oxobject2discount` VALUES ('4e542e4e8f60a0562.61817542', '4e542e4e8dd127836.00288451', '1771', 'oxarticles');
INSERT INTO `oxobject2discount` VALUES ('79042e787b414fae9.16540313', '4e542e4e8dd127836.00288451', '85b42c94a32b3fdd2.66642220', 'oxarticles');
INSERT INTO `oxobject2discount` VALUES ('0a842e4fd23a60e04.47404876', '4e542e4e8dd127836.00288451', '1431', 'oxarticles');
INSERT INTO `oxobject2discount` VALUES ('79042e787aea9e9d9.36926408', '4e542e4e8dd127836.00288451', 'd8842e3cbf9290351.59301740', 'oxarticles');

#
# Data for table `oxobject2group`
#

INSERT INTO `oxobject2group` VALUES ('f1d3fdd845d646ce0.54037160', 'oxbaseshop', 'oxidcashondel', 'oxidsmallcust');
INSERT INTO `oxobject2group` VALUES ('f1d3fdd845d64f368.38782882', 'oxbaseshop', 'oxidcashondel', 'oxidmiddlecust');
INSERT INTO `oxobject2group` VALUES ('f1d3fdd845d655500.24044370', 'oxbaseshop', 'oxidcashondel', 'oxidgoodcust');
INSERT INTO `oxobject2group` VALUES ('f1d3fdd845d664a36.22008654', 'oxbaseshop', 'oxidcashondel', 'oxidforeigncustomer');
INSERT INTO `oxobject2group` VALUES ('f1d3fdd845d66bfa6.86175113', 'oxbaseshop', 'oxidcashondel', 'oxidnewcustomer');
INSERT INTO `oxobject2group` VALUES ('f1d3fdd845d671e32.96237048', 'oxbaseshop', 'oxidcashondel', 'oxidpowershopper');
INSERT INTO `oxobject2group` VALUES ('f1d3fdd845d67e7c5.10668991', 'oxbaseshop', 'oxidcashondel', 'oxiddealer');
INSERT INTO `oxobject2group` VALUES ('f1d3fdd845d6896c1.03162238', 'oxbaseshop', 'oxidcashondel', 'oxidnewsletter');
INSERT INTO `oxobject2group` VALUES ('f1d3fdd845d691ec8.81166485', 'oxbaseshop', 'oxidcashondel', 'oxidadmin');
INSERT INTO `oxobject2group` VALUES ('f1d3fdd845d69e885.91443232', 'oxbaseshop', 'oxidcashondel', 'oxidpriceb');
INSERT INTO `oxobject2group` VALUES ('f1d3fdd845d6a67e0.02859671', 'oxbaseshop', 'oxidcashondel', 'oxidpricea');
INSERT INTO `oxobject2group` VALUES ('f1d3fdd845d6ad995.44313456', 'oxbaseshop', 'oxidcashondel', 'oxidpricec');
INSERT INTO `oxobject2group` VALUES ('c193fddd471979db5.85262084', 'oxbaseshop', 'oxiddebitnote', 'oxidsmallcust');
INSERT INTO `oxobject2group` VALUES ('c193fddd471987391.56507198', 'oxbaseshop', 'oxiddebitnote', 'oxidnewcustomer');
INSERT INTO `oxobject2group` VALUES ('c193fddd4719915f1.10073644', 'oxbaseshop', 'oxiddebitnote', 'oxidnewsletter');
INSERT INTO `oxobject2group` VALUES ('c193fddd4719996f2.77898155', 'oxbaseshop', 'oxiddebitnote', 'oxidadmin');
INSERT INTO `oxobject2group` VALUES ('c193fddd4831e2713.21232210', 'oxbaseshop', 'oxidcreditcard', 'oxidsmallcust');
INSERT INTO `oxobject2group` VALUES ('c193fddd4831f6f46.50917349', 'oxbaseshop', 'oxidcreditcard', 'oxidmiddlecust');
INSERT INTO `oxobject2group` VALUES ('c193fddd4831ff385.99230154', 'oxbaseshop', 'oxidcreditcard', 'oxidgoodcust');
INSERT INTO `oxobject2group` VALUES ('c193fddd483207c10.92807988', 'oxbaseshop', 'oxidcreditcard', 'oxidforeigncustomer');
INSERT INTO `oxobject2group` VALUES ('c193fddd483215d21.77186691', 'oxbaseshop', 'oxidcreditcard', 'oxidnewcustomer');
INSERT INTO `oxobject2group` VALUES ('c193fddd48321e633.40782090', 'oxbaseshop', 'oxidcreditcard', 'oxidpowershopper');
INSERT INTO `oxobject2group` VALUES ('c193fddd483225762.33412275', 'oxbaseshop', 'oxidcreditcard', 'oxiddealer');
INSERT INTO `oxobject2group` VALUES ('c193fddd483233a87.07118337', 'oxbaseshop', 'oxidcreditcard', 'oxidnewsletter');
INSERT INTO `oxobject2group` VALUES ('c193fddd48323bcb8.16273041', 'oxbaseshop', 'oxidcreditcard', 'oxidadmin');
INSERT INTO `oxobject2group` VALUES ('c193fddd483242bc6.72020207', 'oxbaseshop', 'oxidcreditcard', 'oxidpriceb');
INSERT INTO `oxobject2group` VALUES ('c193fddd483251c35.30210206', 'oxbaseshop', 'oxidcreditcard', 'oxidpricea');
INSERT INTO `oxobject2group` VALUES ('c193fddd48325a223.07587162', 'oxbaseshop', 'oxidcreditcard', 'oxidpricec');
INSERT INTO `oxobject2group` VALUES ('c193fddd4939c95b3.22730175', 'oxbaseshop', 'oxidinvoice', 'oxidnewcustomer');
INSERT INTO `oxobject2group` VALUES ('c193fddd49772de88.87420931', 'oxbaseshop', 'oxidinvoice', 'oxidgoodcust');
INSERT INTO `oxobject2group` VALUES ('c193fddd49b560bf7.83973615', 'oxbaseshop', 'oxidpayadvance', 'oxidblacklist');
INSERT INTO `oxobject2group` VALUES ('c193fddd49b578c58.17144323', 'oxbaseshop', 'oxidpayadvance', 'oxidsmallcust');
INSERT INTO `oxobject2group` VALUES ('c193fddd49b581dd2.00588439', 'oxbaseshop', 'oxidpayadvance', 'oxidmiddlecust');
INSERT INTO `oxobject2group` VALUES ('c193fddd49b591ad7.64823006', 'oxbaseshop', 'oxidpayadvance', 'oxidgoodcust');
INSERT INTO `oxobject2group` VALUES ('c193fddd49b599565.04338675', 'oxbaseshop', 'oxidpayadvance', 'oxidforeigncustomer');
INSERT INTO `oxobject2group` VALUES ('c193fddd49b5a06b3.75268916', 'oxbaseshop', 'oxidpayadvance', 'oxidnewcustomer');
INSERT INTO `oxobject2group` VALUES ('c193fddd49b5b5021.38970407', 'oxbaseshop', 'oxidpayadvance', 'oxidpowershopper');
INSERT INTO `oxobject2group` VALUES ('c193fddd49b5bd575.90280311', 'oxbaseshop', 'oxidpayadvance', 'oxiddealer');
INSERT INTO `oxobject2group` VALUES ('c193fddd49b5cc515.90816240', 'oxbaseshop', 'oxidpayadvance', 'oxidnewsletter');
INSERT INTO `oxobject2group` VALUES ('c193fddd49b5d43e6.35256824', 'oxbaseshop', 'oxidpayadvance', 'oxidadmin');
INSERT INTO `oxobject2group` VALUES ('c193fddd49b5db4e8.17741481', 'oxbaseshop', 'oxidpayadvance', 'oxidpriceb');
INSERT INTO `oxobject2group` VALUES ('c193fddd49b5ed246.01214326', 'oxbaseshop', 'oxidpayadvance', 'oxidpricea');
INSERT INTO `oxobject2group` VALUES ('c193fddd49b5f65d4.60703125', 'oxbaseshop', 'oxidpayadvance', 'oxidpricec');
INSERT INTO `oxobject2group` VALUES ('dfc42e744180bf4a9.98598495', 'oxbaseshop', 'dfc42e74417f07347.45624764', 'oxidnewcustomer');

#
# Data for table `oxlinks`
#

INSERT INTO `oxlinks` VALUES ('ce342e8acb69f1748.25672556', 'oxbaseshop', 1, 'http://www.oxid-esales.com', 'Die OXID eSales AG ist Hersteller der E-Commerce Software OXID eShop. Mit den Produktlinien Professional Edition und Enterprise Edition sowie der Mietshop-Lösung OXID eShop easy setzt das Unternehmen Standards im Online-Versandhandel zu einem außergewöhnlichen Preis-/Leistungsverhältnis. Die OXID eShop Produkte basieren auf modernster Technologie, lassen sich umfassend anpassen und vollständig in Ihre Geschäftsprozesse integrieren. Die ergänzende E-Commerce Plattform OXID eFire bietet Schnittstellen zu E-Commerce Partnern wie Payment-Dienstleistern, Webcontrolling und Datamining, Produktportalen, Preissuchmaschinen oder Affiliate-Programmen und sorgt dafür, dass der Onlinehandel nachhaltig zum Erfolg wird.', '<div><span style="color: #333333;">Check out <strong><span style="color: #666666;">OXID</span> <span style="color: #ff6633;"> e</span><span style="color: #333333;">Shop</span></strong><span style="color: #333333;"> - download the 30 day free trial today!\r\n</span></span></div>', '', '', NOW());

#
# Data for table `oxobject2delivery`
#

INSERT INTO `oxobject2delivery` VALUES ('1b842e7374c0e1f94.89847367', 'oxidstandard', 'a7c40f631fc920687.20179984', 'oxdelset');
INSERT INTO `oxobject2delivery` (`OXID`, `OXDELIVERYID`, `OXOBJECTID`, `OXTYPE`) VALUES ('ae04162c305b43e28.80521046', '3033e968fb5b30930.92732498', 'a7c40f631fc920687.20179984', 'oxcountry');
INSERT INTO `oxobject2delivery` (`OXID`, `OXDELIVERYID`, `OXOBJECTID`, `OXTYPE`) VALUES ('ae04162c305b8a214.78574016', '3033e968fb5b30930.92732498', 'a7c40f6320aeb2ec2.72885259', 'oxcountry');
INSERT INTO `oxobject2delivery` (`OXID`, `OXDELIVERYID`, `OXOBJECTID`, `OXTYPE`) VALUES ('ae04162c305b93482.59033720', '3033e968fb5b30930.92732498', 'a7c40f6321c6f6109.43859248', 'oxcountry');
INSERT INTO `oxobject2delivery` (`OXID`, `OXDELIVERYID`, `OXOBJECTID`, `OXTYPE`) VALUES ('ae04162c30bf11d09.84389223', 'b763e957be61108f8.80080127', 'a7c40f631fc920687.20179984', 'oxcountry');
INSERT INTO `oxobject2delivery` (`OXID`, `OXDELIVERYID`, `OXOBJECTID`, `OXTYPE`) VALUES ('ae04162c30bf20431.70969824', 'b763e957be61108f8.80080127', 'a7c40f6320aeb2ec2.72885259', 'oxcountry');
INSERT INTO `oxobject2delivery` (`OXID`, `OXDELIVERYID`, `OXOBJECTID`, `OXTYPE`) VALUES ('ae04162c30bf29273.07047115', 'b763e957be61108f8.80080127', 'a7c40f6321c6f6109.43859248', 'oxcountry');
INSERT INTO `oxobject2delivery` (`OXID`, `OXDELIVERYID`, `OXOBJECTID`, `OXTYPE`) VALUES ('ae04162c31189e656.37716651', '3033e968ea11e6761.68821765', 'a7c40f631fc920687.20179984', 'oxcountry');
INSERT INTO `oxobject2delivery` (`OXID`, `OXDELIVERYID`, `OXOBJECTID`, `OXTYPE`) VALUES ('ae04162c3118b0159.44708340', '3033e968ea11e6761.68821765', 'a7c40f6320aeb2ec2.72885259', 'oxcountry');
INSERT INTO `oxobject2delivery` (`OXID`, `OXDELIVERYID`, `OXOBJECTID`, `OXTYPE`) VALUES ('ae04162c3118b8f10.17475457', '3033e968ea11e6761.68821765', 'a7c40f6321c6f6109.43859248', 'oxcountry');
INSERT INTO `oxobject2delivery` (`OXID`, `OXDELIVERYID`, `OXOBJECTID`, `OXTYPE`) VALUES ('ae04162c316767f38.84312273', 'b763e957d6d42dd40.18579550', 'a7c40f631fc920687.20179984', 'oxcountry');
INSERT INTO `oxobject2delivery` (`OXID`, `OXDELIVERYID`, `OXOBJECTID`, `OXTYPE`) VALUES ('ae04162c31677dcf2.40358333', 'b763e957d6d42dd40.18579550', 'a7c40f6320aeb2ec2.72885259', 'oxcountry');
INSERT INTO `oxobject2delivery` (`OXID`, `OXDELIVERYID`, `OXOBJECTID`, `OXTYPE`) VALUES ('ae04162c316786d15.81085559', 'b763e957d6d42dd40.18579550', 'a7c40f6321c6f6109.43859248', 'oxcountry');

#
# Data for table `oxstatistics`
#

INSERT INTO `oxstatistics` VALUES ('79c3fbcc7793ee6a2.42827424', 'oxbaseshop', 'Report 1', 'a:2:{i:0;s:27:"report_visitor_absolute.php";i:1;s:24:"report_searchstrings.php";}');

UPDATE `oxshops` SET `OXDEFCAT` = '8a142c3e60a535f16.78077188' WHERE `OXID` = 'oxbaseshop';

#
# Data for table `vendor`
#

INSERT INTO `oxvendor` VALUES ('68342e2955d7401e6.18967838', 'oxbaseshop', '1', '', 'Haller Stahlwaren', '', 'Haller Stahlwaren', '', '', '', '', '', '1');
INSERT INTO `oxvendor` VALUES ('77442e37fdf34ccd3.94620745', 'oxbaseshop', '1', '', 'Bush', 'Original Retro_Electronics', 'Bush', 'Originale Retro_Electronics.', '', '', '', '', '1');

#
# Data for table `oxmanufacturers`
#

INSERT INTO `oxmanufacturers` VALUES ('fe07958b49de225bd1dbc7594fb9a6b0', 'oxbaseshop', '1', '', 'Haller Stahlwaren', '', 'Haller Stahlwaren', '', '', '', '', '', '1');
INSERT INTO `oxmanufacturers` VALUES ('ee4948794e28d488cf1c8101e716a3f4', 'oxbaseshop', '1', '', 'Bush', 'Original Retro_Electronics', 'Bush', 'Originale Retro_Electronics.', '', '', '', '', '1');

#
# Data for table `oxprice2article`
#

INSERT INTO `oxprice2article` VALUES ('d8842e3d44dc80470.49214559', 'oxbaseshop', '85b42c94a32b3fdd2.66642220', '18.4', '0', '6', '20');
INSERT INTO `oxprice2article` VALUES ('d8842e3d43d0a3e87.32423884', 'oxbaseshop', '85b42c94a32b3fdd2.66642220', '19.9', '0', '1', '5');
INSERT INTO `oxprice2article` VALUES ('68342e2975e8c4987.84159903', 'oxbaseshop', '1651', '29', '0', '1', '5');
INSERT INTO `oxprice2article` VALUES ('68342e29772235496.46936441', 'oxbaseshop', '1651', '27.5', '0', '6', '15');
INSERT INTO `oxprice2article` VALUES ('68342e29783d33c72.52399677', 'oxbaseshop', '1651', '25', '0', '16', '50');
INSERT INTO `oxprice2article` VALUES ('d8842e3d45fb39d57.88770350', 'oxbaseshop', '85b42c94a32b3fdd2.66642220', '15.9', '0', '21', '50');
INSERT INTO `oxprice2article` VALUES ('1b842e75abb2e7bb1.31308046', 'oxbaseshop', '1651', '23', '0', '51', '999');
INSERT INTO `oxprice2article` VALUES ('43642e8ae668a3a47.66942915', 'oxbaseshop', '85b42c94a32b3fdd2.66642220', '14.9', '0', '51', '999');

#
# Data for table `oxartextends`
#


INSERT INTO `oxartextends` VALUES('1849', '<div>Für 6 Flaschen. </div>\r\n<div>&nbsp;</div>\r\n<div>Höhe: 52 cm <br>\r\nMaterial: Chrom</div>\r\n<div>&nbsp;</div>\r\n<div><span style="color: #666666;"><strong>Bezugshinweis:</strong> bei Interesse können Sie dieses Produkt bei <a href="http://www.desaster.com/" style="color: #666666;">www.desaster.com</a> erwerben.</span></div>', '', '', '', 'flaschen höhe cm__ material chrombezugshinweis', '', '', '');
INSERT INTO `oxartextends` VALUES('1126', '<div>Der Zauber der "grünen Fee" (das heisst Absinth übersetzt) ist mal wieder legal! Keiner weiss so genau, was sich hinter den wilden Geschichten verbirgt. Schon viele Intellektuelle vor dir, von Hemingway bis Oscar Wild, haben sich seit dem 18. Jahrhundert von dem teuflischen Getränk um den Verstand bringen lassen. Alles für das sehr spezielle Trink-Ritual und noch einige Rezepte dazu, stecken in unserem Barset ABSINTH. All inclusive sozusagen. </div>\r\n<div>&nbsp;</div>\r\n<div><strong>Ab 18 Jahren!</strong><br>\r\n<br>\r\nInhalt:<br>\r\n2 Absinth Gläser<br>\r\n1 Absinthlöffel Devil<br>\r\n2 Fläschchen Absinth (je 4 cl)</div>\r\n<div>&nbsp;</div>\r\n<div><span style="color: #666666;"><strong>Bezugshinweis:</strong> bei Interesse können Sie dieses Produkt bei <a href="http://www.desaster.com/" style="color: #666666;">www.desaster.com</a> erwerben.</span></div>', '', '', '', 'zauber grünen fee_ heisst absinth übersetzt mal_ wieder legal', '', '', '');
INSERT INTO `oxartextends` VALUES('2080', '<p>Die kleine Zange zeichnet sich durch funktionales Design aus. Dadurch entfernt sie ideal nicht nur den Verschlussdraht von Flaschen, sondern ist bestens dazu geeignet festsitzende Champagner-und Sektkorke sowie Schraubverschlüsse einfach zu öffnen. </p>\r\n<p>Schnelle Hilfe bietet die Barzange ebenfalls als Kapselhebel und auch als Deckelheber für Schraubgläser: Deckel anheben, Luft hineinlassen und ohne Kraftaufwand das Glas aufschrauben.</p>\r\n<div>Design: Numsen<br>\r\n<div>Edler Zinkdruckguß + satiniert.<br>\r\nMasse: 16,9 cm x 4,3 cm x 2,3 cm.<br>\r\nGewicht: 268g</div></div>\r\n<div>&nbsp;</div>\r\n<div><span style="color: #666666;"><strong>Bezugshinweis:</strong> bei Interesse können Sie dieses Produkt bei <a href="http://www.desaster.com/" style="color: #666666;">www.desaster.com</a> erwerben.</span></div>', '<p>Die kleine Zange zeichnet sich durch funktionales Design aus. Dadurch entfernt sie ideal nicht nur den Verschlussdraht von Flaschen, sondern ist bestens dazu geeignet festsitzende Champagner-und Sektkorke sowie Schraubverschlüsse einfach zu öffnen. </p>\r\n<p>Schnelle Hilfe bietet die Barzange ebenfalls als Kapselhebel und auch als Deckelheber für Schraubgläser: Deckel anheben, Luft hineinlassen und ohne Kraftaufwand das Glas aufschrauben.</p>\r\n<div>Design: Numsen<br>\r\n<div>Edler Zinkdruckguß + satiniert.<br>\r\nMasse: 16,9 cm x 4,3 cm x 2,3 cm.<br>\r\nGewicht: 268g</div></div>\r\n<div>&nbsp;</div>\r\n<div><span style="color: #666666;"><strong>Bezugshinweis:</strong> bei Interesse können Sie dieses Produkt bei <a href="http://www.desaster.com/" style="color: #666666;">www.desaster.com</a> erwerben.</span></div>', '', '', 'kleine zange zeichnet durch funktionales design dadurch entfernt', '', '', '');
INSERT INTO `oxartextends` VALUES('1651', '<div>&nbsp;</div>\r\n<div>Da kann das Bier aus dem Getränkemarkt in Zukunft\r\nnicht mehr mithalten. Dein edles Gebräu Marke ''Do it yourself'' ist ein\r\nriesen Partyspaß und schmeckt sogar richtig gut! Das Set PROSIT\r\nenthält alles was Du zur Herstellung von ca. 25 Liter naturtrübem Bier\r\nbrauchst.</div>\r\n<div>&nbsp;</div>\r\n<div><span style="color: #666666;"><strong>Bezugshinweis:</strong> bei Interesse können Sie dieses Produkt bei <a href="http://www.desaster.com/" style="color: #666666;">www.desaster.com</a> erwerben.</span></div>', '', '', '', 'bier getränkemarkt zukunftnicht mehr mithalten', '', '', '');
INSERT INTO `oxartextends` VALUES('1127', '<div>Schön geglitzert hat Eis ja schon immer, aber dieses hier bietet nochmals eine andere Dimension! Einige Stunden vorher ins Gefrierfach gepackt, fangen die Eiswürfel FLASH beim Kontakt mit dem Drink an wie wild zu blinken. Ausgeschaltet werden sie, indem du sie einfach abtrocknest. Ca. 100 Stunden lang kannst du das Schauspiel bewundern. Das sind, je nach Trinkgfestigkeit deiner Gäste, eine ganze Menge Partys.<br>\r\n<br>\r\nInhalt: 2 Stück im Set</div>\r\n<div>&nbsp;</div>\r\n<div><span style="color: #666666;"><strong>Bezugshinweis:</strong> bei Interesse können Sie dieses Produkt bei <a href="http://www.desaster.com/" style="color: #666666;">www.desaster.com</a> erwerben.</span></div>', '', '', '', 'schön geglitzert eis_ schon immer hier bietet nochmals andere', '', '', '');
INSERT INTO `oxartextends` VALUES('2036', '<div>&nbsp;</div>\r\n<div>Material Chrome&nbsp; </div>\r\n<div>&nbsp;</div>\r\n<div>Höhe: 22cm, Durchmesser: 8cm</div>\r\n<div>&nbsp;</div>\r\n<div><span style="color: #666666;"><strong>Bezugshinweis:</strong> bei Interesse können Sie dieses Produkt bei <a href="http://www.desaster.com/" style="color: #666666;">www.desaster.com</a> erwerben.</span></div>', '', '', '', 'material chrome höhe durchmesser 8cmbezugshinweis', '', '', '');
INSERT INTO `oxartextends` VALUES('1431', '<div>Nicht nur für liebliche Drinks! Du packst sie so wie sie sind ins Gefrierfach und dann ab damit ins Glas. Kein lästiges eingiessen von Wasser in irgendwelche Formen. Darüberhinaus gehören verwässerte Drinks damit der Vergangenheit an!</div>\r\n<div>Menge: 18 Stück</div>\r\n<div>&nbsp;</div>\r\n<div><span style="color: #666666;"><strong>Bezugshinweis:</strong> bei Interesse können Sie dieses Produkt bei <a href="http://www.desaster.com/" style="color: #666666;">www.desaster.com</a> erwerben.</span></div>', '', '', '', 'liebliche drinks packst gefrierfach', '', '', '');
INSERT INTO `oxartextends` VALUES('1142', '<div>Das richtige Werkzeug für den Feierabend. Also die Jungs draussen auf dem Bau nehmen ja normalerweise eine zweite Flasche um die erste zu köpfen. Aber das wollen wir euch nicht wirklich antun. </div>\r\n<div>Dann sind die Heimwerker also einfach mal einen Schritt voraus.</div>\r\n<div>&nbsp;</div>\r\n<div><span style="color: #666666;"><strong>Bezugshinweis:</strong> bei Interesse können Sie dieses Produkt bei <a href="http://www.desaster.com/" style="color: #666666;">www.desaster.com</a> erwerben.</span></div>', '', '', '', 'richtige werkzeug feierabend jungs draussen bau_ nehmen', '', '', '');
INSERT INTO `oxartextends` VALUES('1131', '<div>Die Lösung nicht nur für WGs oder brüchige Partnerschaften. Du kannst sehr gut die Flasche mit dem edlen Tropfen auch vor dir selbst schützen. Einfach den Flaschenverschluss EGO drauf, die Zahlenkombination verstellen und dann schnell aus dem Kopf damit...</div>\r\n<div>&nbsp;</div>\r\n<div><span style="color: #666666;"><strong>Bezugshinweis:</strong> bei Interesse können Sie dieses Produkt bei <a href="http://www.desaster.com/" style="color: #666666;">www.desaster.com</a> erwerben.</span></div>', '', '', '', 'lösung wgs_ brüchige partnerschaften kannst sehr gut_', '', '', '');
INSERT INTO `oxartextends` VALUES('1952', '<div>Erste Hilfe für den Morgen danach. Einfach Eis in den Beutel füllen und ab damit auf das schmerzende Haupt! </div>\r\n<div>&nbsp;</div>\r\n<div>Durchmesser: 20 cm</div>\r\n<div>&nbsp;</div>\r\n<div><span style="color: #666666;"><strong>Bezugshinweis:</strong> bei Interesse können Sie dieses Produkt bei <a href="http://www.desaster.com/" style="color: #666666;">www.desaster.com</a> erwerben.</span></div>', '', '', '', 'erste hilfe morgen danach einfach eis_ beutel füllen damit', '', '', '');
INSERT INTO `oxartextends` VALUES('1906', '<div>&nbsp;</div>\r\n<div>Origineller Korkenzieher zum Öffnen von Weinflaschen. Funktioniert mit verblüffend wenig Kraft. </div>\r\n<div>&nbsp;</div>\r\n<div>Material: verchromter Stahl </div>\r\n<div>&nbsp;</div>\r\n<div>Abmessungen: 20,9 * 8 * 4,4 cm Gewicht: ca. 420 g</div>\r\n<div>&nbsp;</div>\r\n<div><span style="color: #666666;"><strong>Bezugshinweis:</strong> bei Interesse können Sie dieses Produkt bei <a href="http://www.desaster.com/" style="color: #666666;">www.desaster.com</a> erwerben.</span></div>', '', '', '', 'origineller korkenzieher öffnen weinflaschen funktioniert verblüffend', '', '', '');
INSERT INTO `oxartextends` VALUES('1351', '<div>Leg sie einfach einige Stunden vor Gebrauch ins Gefrierfach und serviere deine Drinks mit 2-3 Steinen im Glas. Der riesen Vorteil: Du hast keine verwässerten Cocktails mehr.<br>\r\n</div>\r\n<div>Inhalt: 8 Stück</div>\r\n<div>&nbsp;</div>\r\n<div>Bezugshinweis: bei Interesse können Sie dieses Produkt bei <a title="http://www.desaster.com" href="http://www.desaster.com/">www.desaster.com</a> erwerben. </div>', '', '', '', 'leg_ einfach stunden gebrauch gefrierfach serviere deine drinks', '', '', '');
INSERT INTO `oxartextends` VALUES('1964', '<div>Ein authentisches Glanzstück seiner Zeit und eine garantierte Augenweide bei deiner nächsten Beach-Party. Mit Originalzertifikat vom Hersteller BUSH. </div>\r\n<div><br>\r\nGrösse ca. 35 x 9 x 23 cm<br>\r\nBetrieb über 230 V Anschlusskabel (beiligend) oder Batterie Typ PP9.</div>\r\n<div>\r\n<ul>\r\n<li>3-Band Radio (FM/AM/LW) </li>\r\n<li>grosse Frequenzskala </li>\r\n<li>Klangregler </li>\r\n<li>230 V Steckerkabel</li></ul></div>\r\n<div>&nbsp;</div>\r\n<div><span style="color: #666666;"><strong>Bezugshinweis:</strong> bei Interesse können Sie dieses Produkt bei <a href="http://www.desaster.com/" style="color: #666666;">www.desaster.com</a> erwerben.</span></div>', '', '', '', 'authentisches glanzstück seiner zeit garantierte augenweide', '', '', '');
INSERT INTO `oxartextends` VALUES('2025', '<div>&nbsp;</div>\r\n<div>Höhe: 32 cm</div>\r\n<div>&nbsp;</div>\r\n<div><span style="color: #666666;"><strong>Bezugshinweis:</strong> bei Interesse können Sie dieses Produkt bei <a href="http://www.desaster.com/" style="color: #666666;">www.desaster.com</a> erwerben.</span></div>', '', '', '', 'höhe cmbezugshinweis interesse können produkt', '', '', '');
INSERT INTO `oxartextends` VALUES('2024', '<div>Riesengroße pinke Schale im Popcorn-Design. </div>\r\n<div>&nbsp;</div>\r\n<div>Durchmesser: 25,5 cm</div>\r\n<div>&nbsp;</div>\r\n<div><span style="color: #666666;"><strong>Bezugshinweis:</strong> bei Interesse können Sie dieses Produkt bei <a href="http://www.desaster.com/" style="color: #666666;">www.desaster.com</a> erwerben.</span></div>', '', '', '', 'riesengroße pinke schale popcorn-design durchmesser cmbezugshinweis', '', '', '');
INSERT INTO `oxartextends` VALUES('1940', '<div>&nbsp;</div>\r\n<div>Ein grooviges Plätzchen für Obst und mehr! Die Schale ist hergestellt aus einer alten original Langspielplatte.</div>\r\n<div>&nbsp;</div>\r\n<div><span style="color: #666666;"><strong>Bezugshinweis:</strong> bei Interesse können Sie dieses Produkt bei <a href="http://www.desaster.com/" style="color: #666666;">www.desaster.com</a> erwerben.</span></div>', '', '', '', 'grooviges plätzchen obst mehr schale hergestellt', '', '', '');
INSERT INTO `oxartextends` VALUES('1477', '<div>Wenn du bereits einen Golfball unter dem Kopfkissen liegen hast, dann wird dich sicher auch unser Champagnerverschluss GOLF erfreuen. Er arbeitet zuverlässig nach dem ''Silberlöffelprinzip'' und ist richtig massiv gebaut.</div>\r\n<div>&nbsp;</div>\r\n<div>Abmessungen: 11 * 4 cm</div>\r\n<div>&nbsp;</div>\r\n<div><span style="color: #666666;"><strong>Bezugshinweis:</strong> bei Interesse können Sie dieses Produkt bei <a href="http://www.desaster.com/" style="color: #666666;">www.desaster.com</a> erwerben.</span></div>', '', '', '', 'bereits golfball unter kopfkissen liegen hast dann dich sicher', '', '', '');
INSERT INTO `oxartextends` VALUES('2077', '<div>&nbsp;</div>\r\n<div>Höhe: 33 cm. </div>\r\n<div>&nbsp;</div>\r\n<div>Durchmesser 11 cm. </div>\r\n<div>&nbsp;</div>\r\n<div>Glühbirnentyp: E14 25W.</div>\r\n<div>&nbsp;</div>\r\n<div><span style="color: #666666;"><strong>Bezugshinweis:</strong> bei Interesse können Sie dieses Produkt bei <a href="http://www.desaster.com/" style="color: #666666;">www.desaster.com</a> erwerben.</span></div>', '', '', '', 'höhe cm__ durchmesser cm__ glühbirnentyp e14_ 25wbezugshinweis', '', '', '');
INSERT INTO `oxartextends` VALUES('1951', '<div>&nbsp;</div>\r\n<div>Bella Italia, wir kommen! Dieser Ausblick, frisch wie der junge\r\nMorgen versüsst die Stunden, Minuten und Sekunden bis zum nächsten\r\nUrlaub vor der Küste Jesolos. </div>\r\n<div>&nbsp;</div>\r\n<div>Durchmesser: 34 cm </div>\r\n<div>&nbsp;</div>\r\n<div>Material: Glas</div>\r\n<div>&nbsp;</div>\r\n<div><span style="color: #666666;"><strong>Bezugshinweis:</strong> bei Interesse können Sie dieses Produkt bei <a href="http://www.desaster.com/" style="color: #666666;">www.desaster.com</a> erwerben.</span></div>', '', '', '', 'bella italia kommen ausblick frisch jungemorgen versüsst', '', '', '');
INSERT INTO `oxartextends` VALUES('1771', '<div>&nbsp;</div>\r\n<div>Digitale Wanduhr mit Fernbedienung und Netzteil.\r\n</div>\r\n<div>&nbsp;</div>\r\n<div>Masse: 31,5 x 19,5 cm</div>\r\n<div>&nbsp;</div>\r\n<div><span style="color: #666666;"><strong>Bezugshinweis:</strong> bei Interesse können Sie dieses Produkt bei <a href="http://www.desaster.com/" style="color: #666666;">www.desaster.com</a> erwerben.</span></div>', '', '', '', 'digitale wanduhr fernbedienung netzteilmasse x___', '', '', '');
INSERT INTO `oxartextends` VALUES('d8842e3cbb8ac9238.37666205', '<div>Aus der "Beauties of Fantasy" - Dolchkollektion, designed von Boris Vallejo.\r\n<table cellspacing="0" cellpadding="0" align="left" border="0">\r\n<tbody>\r\n<tr>\r\n<td><br>\r\n</td></tr></tbody></table>Sinnlich und gefährlich erotisch, verhext eine Medusa Männer zu Stein, wenn sie von ihnen angesehen wird. Dem Fantasy-Künstler Boris Vallejo gelingt es, ihr reizvolles Äusseres auf einem sensationellen Sammlermesser zu bannen. Geformt in atemberaubenden Details, schlängeln sich hypnotisierende Schlangen von ihrem Kopf. Ein grossartiges Meisterwerk in der Tradition der Fantasykunst. Einfach unwiderstehlich. </div>\r\n<div>\r\n<ul>\r\n<li><strong>Material:</strong> Knauf hochwertige Zinn-Skulptur, Klinge rostfreier Stahl, 24Karat teilvergoldet! </li>\r\n<li><strong>Grösse:</strong> Gesamtlänge ca. 30 cm </li>\r\n<li><strong>Weiterhin:</strong> Inklusive hochwertigem Ständer zur Präsentation des Dolches!</li></ul><span style="color: #666666;"><strong>Bezugshinweis:</strong> bei Interesse können Sie dieses Produkt bei <a href="http://www.mmog-shop.de"><span style="color: #666666;">www.mmog-shop.de</span></a> erwerben.</span><br>\r\n </div>', '', '', '', 'beauties fantasy dolchkollektion designed boris vallejosinnlich', '', '', '');
INSERT INTO `oxartextends` VALUES('1672', '<div>&nbsp;</div>\r\n<div>Jede Stunde hat ihr eigenes Gesicht! In die\r\nWanduhr PHOTOFRAME passen 12 Fotos mit einem Durchmesser von 3,5 cm.\r\nGenug Platz für die ganze Familie also.</div>\r\n<div>&nbsp;</div>\r\n<div>Durchmesser: 25 cm </div>\r\n<div>&nbsp;</div>\r\n<div>Material: Metall, silber</div>\r\n<div>&nbsp;</div>\r\n<div><span style="color: #666666;"><strong>Bezugshinweis:</strong> bei Interesse können Sie dieses Produkt bei <a href="http://www.desaster.com/" style="color: #666666;">www.desaster.com</a> erwerben.</span></div>', '', '', '', 'stunde eigenes gesicht diewanduhr photoframe passen', '', '', '');
INSERT INTO `oxartextends` VALUES('2000', '<div>&nbsp;</div>\r\n<div>Wanduhr im coolen ROBOTER Look!</div>\r\n<div>&nbsp;</div>\r\n<div>Durchmesser: 40 cm</div>\r\n<div>&nbsp;</div>\r\n<div>Material: Glas</div>\r\n<div>&nbsp;</div>\r\n<div><span style="color: #666666;"><strong>Bezugshinweis:</strong> bei Interesse können Sie dieses Produkt bei <a href="http://www.desaster.com/" style="color: #666666;">www.desaster.com</a> erwerben.</span></div>', '', '', '', 'wanduhr coolen roboter lookdurchmesser cmmaterial', '', '', '');
INSERT INTO `oxartextends` VALUES('1354', '<div>&nbsp;</div>\r\n<div>Eine Wanduhr mit zwölf Armen für zwölf Stunden... und für jeden Tag!</div>\r\n<div>&nbsp;</div>\r\n<div>Benötigt Batterie: 1 * 1,5 V Mignon ''AA''</div>\r\n<div>&nbsp;</div>\r\n<div><span style="color: #666666;"><strong>Bezugshinweis:</strong> bei Interesse können Sie dieses Produkt bei <a href="http://www.desaster.com/"><span style="color: #666666;">www.desaster.com</span></a> erwerben.</span></div>', '', '', '', 'wanduhr zwölf armen zwölf stunden jeden tagbenötigt', '', '', '');
INSERT INTO `oxartextends` VALUES('5064', '<div>Eine explosive Kombination aus Erotik und Waffenkunst - in dieser einmaligen Dolch-Kreation des weltbekannten Fantasy-Künstlers Boris Vallejo. Ein athletischer Frauenkörper wird zu einem geheimnisvollen Fantasywesen und ziert die Klinge des Dolches. Sorgfältig ist jedes Detail geformt und zeugt von der lebhafter Vorstellungskraft des Künstlers. Erliegen Sie der Versuchung mit diesem phantastischen, unwiderstehlichen Sammlerobjekt! <br>\r\nEine der besten Arbeiten Vallejo''s. </div>\r\n<div>\r\n<ul>\r\n<li><strong>Material:</strong> Klinge aus rostfreiem Stahl, Griff aus reinem Zinn, 24 Karat teilvergoldet </li>\r\n<li><strong>Länge:</strong> 33 cm </li>\r\n<li><strong>Weiterhin:</strong> Inklusive Präsentationsständer und Echtheitszertifikat</li></ul><span style="color: #666666;"><strong>Bezugshinweis:</strong> bei Interesse können Sie dieses Produkt bei <a href="http://www.mmog-shop.de"><span style="color: #666666;">www.mmog-shop.de</span></a> erwerben.</span></div>', '', '', '', 'explosive kombination erotik waffenkunst einmaligen dolch-kreation', '', '', '');
INSERT INTO `oxartextends` VALUES('5065', '<div>&nbsp;</div>\r\n<div>Aus der Beauties of Fantasy - Dolchkollektion Designed von Boris Vallejo.<br>\r\n<br>\r\nEine explosive Kombination aus Erotik und Waffenkunst - in dieser einmaligen Dolch-Kreation des weltbekannten Fantasy-Künstlers Boris Vallejo. Ein athletischer Frauenkörper wird zu einem geheimnisvollen Fantasywesen und ziert die Klinge des Dolches. Sorgfältig ist jedes Detail geformt und zeugt von der lebhaften Vorstellungskraft des Künstlers. Erliegen Sie der Versuchung dieses phantastischen, unwiderstehlichen Sammlerobjekt!\r\n<ul>\r\n<li><strong>Material:</strong> Klinge aus rostfreiem Stahl, Griff aus reinem Zinn, 24 Karat teilvergoldet </li>\r\n<li><strong>Länge:</strong> 33 cm </li>\r\n<li><strong>Weiterhin:</strong> Inklusive Präsentationsständer und Echtheitszertifikat</li></ul><span style="color: #666666;"><strong>Bezugshinweis:</strong> bei Interesse können Sie dieses Produkt bei <a href="http://www.mmog-shop.de"><span style="color: #666666;">www.mmog-shop.de</span></a> erwerben.</span><br>\r\n </div>', '', '', '', 'beauties fantasy dolchkollektion designed boris vallejoeine', '', '', '');
INSERT INTO `oxartextends` VALUES('5067', '', '', '', '', '', '', '', '');
INSERT INTO `oxartextends` VALUES('5074', '<div>\r\n<div>Sehr schöne Wandhalterung als Drache ausgearbeitet. </div>\r\n<div>&nbsp;</div>\r\n<div>Klinge aus rostfreiem Stahl, gehärtet.</div>\r\n<div>Gesamtlänge 29 cm.</div>\r\n<div>&nbsp;</div></div>\r\n<div><span class="oranzelink"><strong>WICHTIG:</strong> Dieser Artikel ist ab 18 Jahren. Daher müsst ihr uns eine Kopie eures Personalausweises etc. zukommen lassen bevor wir euch den Artikel senden dürfen. Am besten anrufen bei Fragen zum Ablauf.</span></div>\r\n<div><span class="oranzelink">  </span></div>\r\n<div><span style="color: #666666;"><strong>Bezugshinweis:</strong> bei Interesse können Sie dieses Produkt bei <a href="http://www.mmog-shop.de"><span style="color: #666666;">www.mmog-shop.de</span></a> erwerben.</span><span class="oranzelink">&nbsp;</span> </div>', '', '', '', 'sehr schöne wandhalterung drache ausgearbeitet klinge rostfreiem', '', '', '');
INSERT INTO `oxartextends` VALUES('8a142c4100e0b2f57.59530204', '', '', '', '', '', '', '', '');
INSERT INTO `oxartextends` VALUES('8a142c410f55ed579.98106125', '', '', '', '', '', '', '', '');
INSERT INTO `oxartextends` VALUES('8a142c4113f3b7aa3.13470399', '', '', '', '', '', '', '', '');
INSERT INTO `oxartextends` VALUES('9f542c530b33a7128.25390419', '', '', '', '', '', '', '', '');
INSERT INTO `oxartextends` VALUES('9f542c530c9e60d51.23934120', '', '', '', '', '', '', '', '');
INSERT INTO `oxartextends` VALUES('9f542c530e3e89df7.74068434', '', '', '', '', '', '', '', '');
INSERT INTO `oxartextends` VALUES('85b42c94400aab026.83257531', '<div>In zeitlos klassischem Design und aus edlem Holz gefertigt. Hier überleben die mühsam gesammelten Geburtstagstermine deiner Freunde auch die nächsten fünfzig Pocket-PC Generationen und Computerabstürze. Der HAPPY B wird mit Pergamentröllchen und einem Hochzeitspin geliefert! </div>\r\n<div>&nbsp;</div>\r\n<div>Abmessungen: 48 * 37 * 2 cm<br>\r\nGewicht: 1300 g<br>\r\nMaterial: Buchenschichtholz<br>\r\nDesign: Alexander Schnell-Waltenberger</div>\r\n<div>&nbsp;</div>\r\n<div><span style="color: #666666;"><strong>Bezugshinweis:</strong> bei Interesse können Sie dieses Produkt bei <a href="http://www.desaster.com/" style="color: #666666;">www.desaster.com</a> erwerben.</span> </div>\r\n<div>&nbsp;</div>\r\n<div>&nbsp;</div>\r\n<div>&nbsp;</div>', '', '', '', 'zeitlos klassischem design edlem holz gefertigt hier überleben mühsam', '', '', '');
INSERT INTO `oxartextends` VALUES('85b42c94a32b3fdd2.66642220', '<div>\r\n<p>Herziges Plüschkissen mit Playboy-Bunny.</p>\r\n<div>Durchmesser: ca. 33 cm </div>\r\n<div>&nbsp;</div>\r\n<div><span style="color: #666666;"><strong>Bezugshinweis:</strong> bei Interesse können Sie dieses Produkt bei <a href="http://www.desaster.com/" style="color: #666666;">www.desaster.com</a> erwerben.</span></div></div>', '', '', '', 'herziges plüschkissen playboy-bunnydurchmesser ca__ cm__ bezugshinweis', '', '', '');
INSERT INTO `oxartextends` VALUES('be642cad637adf214.28850610', '<div>\r\n<p>Das smarte Täschchen wird wie ein Armreif am Handgelenk getragen.</p>\r\n<p>Farbe: violett<br>\r\nLänge: 26 cm<br>\r\nHöhe: 12 cm</p></div>', '', '', '', 'smarte täschchen armreif handgelenk getragenfarbe violettlänge', '', '', '');
INSERT INTO `oxartextends` VALUES('d8842e3cb356356f4.93820547', '<div>Im Piktogrammstil nach Otl Aicher! </div>\r\n<div>&nbsp;</div>\r\n<div>Größe: 24x19x4cm </div>\r\n<div>&nbsp;</div>\r\n<div>Design: Chris Koens</div>\r\n<div>&nbsp;</div>\r\n<div><span style="color: #666666;"><strong>Bezugshinweis:</strong> bei Interesse können Sie dieses Produkt bei <a href="http://www.desaster.com/" style="color: #666666;">www.desaster.com</a> erwerben.</span></div>', '', '', '', 'piktogrammstil otl_ aicher größe design chris', '', '', '');
INSERT INTO `oxartextends` VALUES('be642cada8422f150.29332483', 'Baden wie in guten alten Zeiten, als man den Kessel noch mit Holz anheizen musste. Aber nur die Verpackung erinnert an Großmutters erstes Liebesgeplätscher. In der Flasche steckt ein hochwertiges Schaumbad auf natürlicher, pflanzlicher Basis. Angereichert mit Vitamin E und Aloe.<br>\r\n<br>\r\nInhalt: 390 ml<br>\r\n<div>&nbsp;</div>', '', '', '', 'baden guten alten zeiten kessel holz anheizen musste', '', '', '');
INSERT INTO `oxartextends` VALUES('d8842e3cbf9290351.59301740', '<div>Schicker Barwagen im James Bond Style. Inklusive Eisbehälter und Eiszange. </div>\r\n<div>&nbsp;</div>\r\n<div>Material: Chrom, Glas<br>\r\nHöhe: 63 cm Durchmesser: 54 cm</div>\r\n<div>&nbsp;</div>\r\n<div><span style="color: #666666;"><strong>Bezugshinweis:</strong> bei Interesse können Sie dieses Produkt bei <a href="http://www.desaster.com/" style="color: #666666;">www.desaster.com</a> erwerben.</span></div>', '', '', '', 'schicker barwagen james bond style inklusive eisbehälter eiszange material', '', '', '');
